revenue_id,customer_id,subscription_id,revenue_date,gross_revenue,discount,refund,net_revenue,revenue_type
REV100001,CUST1053,SUB10001,2021-02-02,332.5,0.0,0.0,332.5,New
REV100002,CUST1053,SUB10001,2021-03-02,332.5,33.25,0.0,299.25,Recurring
REV100003,CUST1053,SUB10001,2021-04-02,332.5,0.0,0.0,332.5,Recurring
REV100004,CUST1053,SUB10001,2021-05-02,332.5,16.62,0.0,315.88,Recurring
REV100005,CUST1053,SUB10001,2021-06-02,332.5,33.25,0.0,299.25,Recurring
REV100006,CUST1053,SUB10001,2021-07-02,332.5,33.25,0.0,299.25,Recurring
REV100007,CUST1053,SUB10001,2021-08-02,332.5,0.0,0.0,332.5,Recurring
REV100008,CUST1053,SUB10001,2021-09-02,332.5,0.0,0.0,332.5,Recurring
REV100009,CUST1053,SUB10001,2021-10-02,332.5,0.0,0.0,332.5,Recurring
REV100010,CUST1053,SUB10001,2021-11-02,332.5,33.25,0.0,299.25,Recurring
REV100011,CUST1053,SUB10001,2021-12-02,332.5,0.0,0.0,332.5,Recurring
REV100012,CUST1053,SUB10001,2022-01-02,332.5,33.25,0.0,299.25,Recurring
REV100013,CUST1053,SUB10001,2022-02-02,332.5,0.0,0.0,332.5,Recurring
REV100014,CUST1053,SUB10001,2022-03-02,332.5,16.62,0.0,315.88,Recurring
REV100015,CUST1053,SUB10001,2022-04-02,332.5,0.0,0.0,332.5,Recurring
REV100016,CUST1053,SUB10001,2022-05-02,332.5,16.62,0.0,315.88,Recurring
REV100017,CUST1053,SUB10001,2022-06-02,332.5,0.0,0.0,332.5,Recurring
REV100018,CUST1053,SUB10001,2022-07-02,332.5,0.0,0.0,332.5,Recurring
REV100019,CUST1053,SUB10001,2022-08-02,332.5,16.62,0.0,315.88,Recurring
REV100020,CUST1053,SUB10001,2022-09-02,332.5,0.0,0.0,332.5,Recurring
REV100021,CUST1053,SUB10001,2022-10-02,332.5,0.0,0.0,332.5,Recurring
REV100022,CUST1053,SUB10001,2022-11-02,332.5,0.0,0.0,332.5,Recurring
REV100023,CUST1053,SUB10001,2022-12-02,332.5,33.25,0.0,299.25,Recurring
REV100024,CUST1053,SUB10001,2023-01-02,332.5,0.0,0.0,332.5,Recurring
REV100025,CUST1053,SUB10001,2023-02-02,332.5,0.0,0.0,332.5,Recurring
REV100026,CUST1053,SUB10001,2023-03-02,332.5,16.62,0.0,315.88,Recurring
REV100027,CUST1053,SUB10001,2023-04-02,332.5,33.25,0.0,299.25,Recurring
REV100028,CUST1053,SUB10001,2023-05-02,332.5,33.25,0.0,299.25,Recurring
REV100029,CUST1053,SUB10001,2023-06-02,332.5,16.62,0.0,315.88,Recurring
REV100030,CUST1053,SUB10001,2023-07-02,332.5,33.25,0.0,299.25,Recurring
REV100031,CUST1053,SUB10001,2023-08-02,332.5,0.0,0.0,332.5,Recurring
REV100032,CUST1053,SUB10001,2023-09-02,332.5,0.0,0.0,332.5,Recurring
REV100033,CUST1053,SUB10001,2023-10-02,332.5,0.0,0.0,332.5,Recurring
REV100034,CUST1053,SUB10001,2023-11-02,332.5,0.0,0.0,332.5,Recurring
REV100035,CUST1053,SUB10001,2023-12-02,332.5,0.0,0.0,332.5,Recurring
REV100036,CUST1053,SUB10001,2024-01-02,332.5,0.0,0.0,332.5,Recurring
REV100037,CUST1053,SUB10001,2024-02-02,332.5,33.25,0.0,299.25,Recurring
REV100038,CUST1053,SUB10001,2024-03-02,332.5,0.0,0.0,332.5,Recurring
REV100039,CUST1053,SUB10001,2024-04-02,332.5,33.25,0.0,299.25,Recurring
REV100040,CUST1053,SUB10001,2024-05-02,332.5,0.0,0.0,332.5,Recurring
REV100041,CUST1053,SUB10001,2024-06-02,332.5,0.0,0.0,332.5,Recurring
REV100042,CUST1053,SUB10001,2024-07-02,332.5,16.62,0.0,315.88,Recurring
REV100043,CUST1053,SUB10001,2024-08-02,332.5,0.0,0.0,332.5,Recurring
REV100044,CUST1053,SUB10001,2024-09-02,332.5,33.25,0.0,299.25,Recurring
REV100045,CUST1053,SUB10001,2024-10-02,332.5,0.0,0.0,332.5,Recurring
REV100046,CUST1053,SUB10001,2024-11-02,332.5,33.25,0.0,299.25,Recurring
REV100047,CUST1053,SUB10001,2024-12-02,332.5,0.0,0.0,332.5,Recurring
REV100048,CUST1053,SUB10001,2025-01-02,332.5,0.0,0.0,332.5,Recurring
REV100049,CUST1053,SUB10001,2025-02-02,332.5,0.0,0.0,332.5,Recurring
REV100050,CUST1053,SUB10001,2025-03-02,332.5,33.25,0.0,299.25,Recurring
REV100051,CUST1053,SUB10001,2025-04-02,332.5,33.25,0.0,299.25,Recurring
REV100052,CUST1053,SUB10001,2025-05-02,332.5,16.62,0.0,315.88,Recurring
REV100053,CUST1053,SUB10001,2025-06-02,332.5,0.0,0.0,332.5,Recurring
REV100054,CUST1053,SUB10001,2025-07-02,332.5,0.0,0.0,332.5,Recurring
REV100055,CUST1053,SUB10001,2025-08-02,332.5,16.62,0.0,315.88,Recurring
REV100056,CUST1053,SUB10001,2025-09-02,332.5,33.25,0.0,299.25,Recurring
REV100057,CUST1053,SUB10001,2025-10-02,332.5,16.62,0.0,315.88,Recurring
REV100058,CUST1053,SUB10001,2025-11-02,332.5,33.25,0.0,299.25,Recurring
REV100059,CUST1053,SUB10001,2025-12-02,332.5,0.0,0.0,332.5,Recurring
REV100060,CUST1053,SUB10002,2021-09-06,40.83,4.08,0.0,36.75,New
REV100061,CUST1053,SUB10002,2021-10-06,40.83,0.0,0.0,40.83,Recurring
REV100062,CUST1053,SUB10002,2021-11-06,40.83,0.0,0.0,40.83,Recurring
REV100063,CUST1053,SUB10002,2021-12-06,40.83,0.0,0.0,40.83,Recurring
REV100064,CUST1053,SUB10002,2022-01-06,40.83,2.04,0.0,38.79,Recurring
REV100065,CUST1053,SUB10002,2022-02-06,40.83,0.0,0.0,40.83,Recurring
REV100066,CUST1053,SUB10002,2022-03-06,40.83,2.04,0.0,38.79,Recurring
REV100067,CUST1053,SUB10002,2022-04-06,40.83,2.04,0.0,38.79,Recurring
REV100068,CUST1053,SUB10002,2022-05-06,40.83,2.04,0.0,38.79,Recurring
REV100069,CUST1053,SUB10002,2022-06-06,40.83,0.0,0.0,40.83,Recurring
REV100070,CUST1053,SUB10002,2022-07-06,40.83,0.0,0.0,40.83,Recurring
REV100071,CUST1053,SUB10002,2022-08-06,40.83,0.0,0.0,40.83,Recurring
REV100072,CUST1053,SUB10002,2022-09-06,40.83,2.04,0.0,38.79,Recurring
REV100073,CUST1053,SUB10003,2022-09-19,399.0,19.95,0.0,379.05,New
REV100074,CUST1053,SUB10003,2022-10-19,399.0,39.9,0.0,359.1,Recurring
REV100075,CUST1053,SUB10003,2022-11-19,399.0,0.0,0.0,399.0,Recurring
REV100076,CUST1053,SUB10003,2022-12-19,399.0,0.0,0.0,399.0,Recurring
REV100077,CUST1053,SUB10003,2023-01-19,399.0,19.95,0.0,379.05,Recurring
REV100078,CUST1053,SUB10003,2023-02-19,399.0,0.0,0.0,399.0,Recurring
REV100079,CUST1053,SUB10003,2023-03-19,399.0,39.9,0.0,359.1,Recurring
REV100080,CUST1053,SUB10003,2023-04-19,399.0,0.0,0.0,399.0,Recurring
REV100081,CUST1053,SUB10003,2023-05-19,399.0,0.0,0.0,399.0,Recurring
REV100082,CUST1053,SUB10003,2023-06-19,399.0,19.95,0.0,379.05,Recurring
REV100083,CUST1053,SUB10003,2023-07-19,399.0,0.0,0.0,399.0,Recurring
REV100084,CUST1053,SUB10003,2023-08-19,399.0,39.9,0.0,359.1,Recurring
REV100085,CUST1053,SUB10003,2023-09-19,399.0,0.0,0.0,399.0,Recurring
REV100086,CUST1053,SUB10003,2023-10-19,399.0,19.95,0.0,379.05,Recurring
REV100087,CUST1053,SUB10003,2023-11-19,399.0,39.9,0.0,359.1,Recurring
REV100088,CUST1053,SUB10003,2023-12-19,399.0,0.0,0.0,399.0,Recurring
REV100089,CUST1053,SUB10003,2024-01-19,399.0,0.0,0.0,399.0,Recurring
REV100090,CUST1053,SUB10003,2024-02-19,399.0,0.0,0.0,399.0,Recurring
REV100091,CUST1053,SUB10003,2024-03-19,399.0,0.0,0.0,399.0,Recurring
REV100092,CUST1053,SUB10003,2024-04-19,399.0,0.0,0.0,399.0,Recurring
REV100093,CUST1053,SUB10003,2024-05-19,399.0,0.0,0.0,399.0,Recurring
REV100094,CUST1053,SUB10003,2024-06-19,399.0,0.0,0.0,399.0,Recurring
REV100095,CUST1053,SUB10003,2024-07-19,399.0,0.0,0.0,399.0,Recurring
REV100096,CUST1053,SUB10003,2024-08-19,399.0,19.95,0.0,379.05,Recurring
REV100097,CUST1053,SUB10003,2024-09-19,399.0,0.0,0.0,399.0,Recurring
REV100098,CUST1027,SUB10004,2021-02-21,832.5,0.0,0.0,832.5,New
REV100099,CUST1027,SUB10004,2021-03-21,832.5,83.25,0.0,749.25,Recurring
REV100100,CUST1027,SUB10004,2021-04-21,832.5,0.0,0.0,832.5,Recurring
REV100101,CUST1027,SUB10004,2021-05-21,832.5,0.0,0.0,832.5,Recurring
REV100102,CUST1027,SUB10004,2021-06-21,832.5,41.62,0.0,790.88,Recurring
REV100103,CUST1027,SUB10004,2021-07-21,832.5,83.25,0.0,749.25,Recurring
REV100104,CUST1027,SUB10004,2021-08-21,832.5,0.0,0.0,832.5,Recurring
REV100105,CUST1027,SUB10004,2021-09-21,832.5,0.0,0.0,832.5,Recurring
REV100106,CUST1027,SUB10004,2021-10-21,832.5,83.25,0.0,749.25,Recurring
REV100107,CUST1027,SUB10004,2021-11-21,832.5,41.62,0.0,790.88,Recurring
REV100108,CUST1027,SUB10004,2021-12-21,832.5,41.62,0.0,790.88,Recurring
REV100109,CUST1027,SUB10004,2022-01-21,832.5,0.0,0.0,832.5,Recurring
REV100110,CUST1027,SUB10004,2022-02-21,832.5,83.25,0.0,749.25,Recurring
REV100111,CUST1027,SUB10004,2022-03-21,832.5,0.0,0.0,832.5,Recurring
REV100112,CUST1027,SUB10004,2022-04-21,832.5,0.0,0.0,832.5,Recurring
REV100113,CUST1027,SUB10004,2022-05-21,832.5,0.0,0.0,832.5,Recurring
REV100114,CUST1027,SUB10004,2022-06-21,832.5,41.62,0.0,790.88,Recurring
REV100115,CUST1027,SUB10004,2022-07-21,832.5,41.62,0.0,790.88,Recurring
REV100116,CUST1027,SUB10004,2022-08-21,832.5,41.62,0.0,790.88,Recurring
REV100117,CUST1027,SUB10004,2022-09-21,832.5,0.0,0.0,832.5,Recurring
REV100118,CUST1027,SUB10004,2022-10-21,832.5,0.0,0.0,832.5,Recurring
REV100119,CUST1027,SUB10004,2022-11-21,832.5,83.25,0.0,749.25,Recurring
REV100120,CUST1027,SUB10004,2022-12-21,832.5,0.0,0.0,832.5,Recurring
REV100121,CUST1027,SUB10004,2023-01-21,832.5,41.62,0.0,790.88,Recurring
REV100122,CUST1027,SUB10004,2023-02-21,832.5,41.62,24.97,765.91,Recurring
REV100123,CUST1027,SUB10004,2023-03-21,832.5,0.0,0.0,832.5,Recurring
REV100124,CUST1027,SUB10004,2023-04-21,832.5,0.0,0.0,832.5,Recurring
REV100125,CUST1027,SUB10004,2023-05-21,832.5,0.0,0.0,832.5,Recurring
REV100126,CUST1027,SUB10004,2023-06-21,832.5,41.62,0.0,790.88,Recurring
REV100127,CUST1027,SUB10004,2023-07-21,832.5,0.0,0.0,832.5,Recurring
REV100128,CUST1027,SUB10004,2023-08-21,832.5,83.25,0.0,749.25,Recurring
REV100129,CUST1027,SUB10004,2023-09-21,832.5,0.0,0.0,832.5,Recurring
REV100130,CUST1027,SUB10004,2023-10-21,832.5,41.62,0.0,790.88,Recurring
REV100131,CUST1027,SUB10004,2023-11-21,832.5,0.0,0.0,832.5,Recurring
REV100132,CUST1027,SUB10004,2023-12-21,832.5,0.0,0.0,832.5,Recurring
REV100133,CUST1027,SUB10004,2024-01-21,832.5,0.0,0.0,832.5,Recurring
REV100134,CUST1027,SUB10004,2024-02-21,832.5,0.0,0.0,832.5,Recurring
REV100135,CUST1002,SUB10005,2021-03-28,124.17,0.0,0.0,124.17,New
REV100136,CUST1002,SUB10005,2021-04-28,124.17,0.0,0.0,124.17,Recurring
REV100137,CUST1002,SUB10005,2021-05-28,124.17,0.0,0.0,124.17,Recurring
REV100138,CUST1002,SUB10005,2021-06-28,124.17,0.0,0.0,124.17,Recurring
REV100139,CUST1002,SUB10005,2021-07-28,124.17,0.0,0.0,124.17,Recurring
REV100140,CUST1002,SUB10005,2021-08-28,124.17,0.0,0.0,124.17,Recurring
REV100141,CUST1002,SUB10005,2021-09-28,124.17,0.0,0.0,124.17,Recurring
REV100142,CUST1002,SUB10005,2021-10-28,124.17,12.42,0.0,111.75,Recurring
REV100143,CUST1002,SUB10005,2021-11-28,124.17,0.0,0.0,124.17,Recurring
REV100144,CUST1002,SUB10005,2021-12-28,124.17,0.0,0.0,124.17,Recurring
REV100145,CUST1002,SUB10005,2022-01-28,124.17,6.21,0.0,117.96,Recurring
REV100146,CUST1002,SUB10005,2022-02-28,124.17,0.0,0.0,124.17,Recurring
REV100147,CUST1002,SUB10005,2022-03-28,124.17,12.42,0.0,111.75,Recurring
REV100148,CUST1002,SUB10005,2022-04-28,124.17,6.21,0.0,117.96,Recurring
REV100149,CUST1002,SUB10005,2022-05-28,124.17,6.21,0.0,117.96,Recurring
REV100150,CUST1002,SUB10005,2022-06-28,124.17,0.0,0.0,124.17,Recurring
REV100151,CUST1002,SUB10005,2022-07-28,124.17,6.21,0.0,117.96,Recurring
REV100152,CUST1002,SUB10005,2022-08-28,124.17,12.42,0.0,111.75,Recurring
REV100153,CUST1002,SUB10005,2022-09-28,124.17,6.21,0.0,117.96,Recurring
REV100154,CUST1002,SUB10005,2022-10-28,124.17,12.42,0.0,111.75,Recurring
REV100155,CUST1002,SUB10005,2022-11-28,124.17,6.21,0.0,117.96,Recurring
REV100156,CUST1002,SUB10005,2022-12-28,124.17,6.21,0.0,117.96,Recurring
REV100157,CUST1002,SUB10005,2023-01-28,124.17,0.0,0.0,124.17,Recurring
REV100158,CUST1002,SUB10005,2023-02-28,124.17,6.21,0.0,117.96,Recurring
REV100159,CUST1002,SUB10005,2023-03-28,124.17,6.21,0.0,117.96,Recurring
REV100160,CUST1002,SUB10005,2023-04-28,124.17,12.42,0.0,111.75,Recurring
REV100161,CUST1002,SUB10005,2023-05-28,124.17,0.0,3.73,120.44,Recurring
REV100162,CUST1002,SUB10005,2023-06-28,124.17,6.21,0.0,117.96,Recurring
REV100163,CUST1002,SUB10005,2023-07-28,124.17,12.42,0.0,111.75,Recurring
REV100164,CUST1002,SUB10005,2023-08-28,124.17,0.0,0.0,124.17,Recurring
REV100165,CUST1002,SUB10005,2023-09-28,124.17,6.21,0.0,117.96,Recurring
REV100166,CUST1002,SUB10005,2023-10-28,124.17,0.0,0.0,124.17,Recurring
REV100167,CUST1002,SUB10005,2023-11-28,124.17,0.0,0.0,124.17,Recurring
REV100168,CUST1002,SUB10005,2023-12-28,124.17,0.0,0.0,124.17,Recurring
REV100169,CUST1002,SUB10005,2024-01-28,124.17,0.0,0.0,124.17,Recurring
REV100170,CUST1002,SUB10005,2024-02-28,124.17,0.0,0.0,124.17,Recurring
REV100171,CUST1002,SUB10005,2024-03-28,124.17,0.0,0.0,124.17,Recurring
REV100172,CUST1002,SUB10005,2024-04-28,124.17,6.21,0.0,117.96,Recurring
REV100173,CUST1002,SUB10005,2024-05-28,124.17,0.0,0.0,124.17,Recurring
REV100174,CUST1002,SUB10005,2024-06-28,124.17,0.0,0.0,124.17,Recurring
REV100175,CUST1002,SUB10005,2024-07-28,124.17,0.0,0.0,124.17,Recurring
REV100176,CUST1002,SUB10005,2024-08-28,124.17,0.0,0.0,124.17,Recurring
REV100177,CUST1002,SUB10005,2024-09-28,124.17,12.42,0.0,111.75,Recurring
REV100178,CUST1002,SUB10005,2024-10-28,124.17,0.0,0.0,124.17,Recurring
REV100179,CUST1002,SUB10005,2024-11-28,124.17,0.0,0.0,124.17,Recurring
REV100180,CUST1002,SUB10005,2024-12-28,124.17,0.0,0.0,124.17,Recurring
REV100181,CUST1002,SUB10005,2025-01-28,124.17,6.21,0.0,117.96,Recurring
REV100182,CUST1002,SUB10005,2025-02-28,124.17,0.0,0.0,124.17,Recurring
REV100183,CUST1002,SUB10005,2025-03-28,124.17,0.0,0.0,124.17,Recurring
REV100184,CUST1002,SUB10005,2025-04-28,124.17,6.21,0.0,117.96,Recurring
REV100185,CUST1002,SUB10005,2025-05-28,124.17,0.0,0.0,124.17,Recurring
REV100186,CUST1002,SUB10005,2025-06-28,124.17,0.0,0.0,124.17,Recurring
REV100187,CUST1002,SUB10005,2025-07-28,124.17,6.21,0.0,117.96,Recurring
REV100188,CUST1002,SUB10005,2025-08-28,124.17,12.42,0.0,111.75,Recurring
REV100189,CUST1002,SUB10005,2025-09-28,124.17,6.21,3.73,114.23,Recurring
REV100190,CUST1002,SUB10005,2025-10-28,124.17,12.42,0.0,111.75,Recurring
REV100191,CUST1002,SUB10005,2025-11-28,124.17,0.0,0.0,124.17,Recurring
REV100192,CUST1002,SUB10005,2025-12-28,124.17,0.0,0.0,124.17,Recurring
REV100193,CUST1002,SUB10006,2023-03-28,332.5,0.0,0.0,332.5,New
REV100194,CUST1002,SUB10006,2023-04-28,332.5,0.0,0.0,332.5,Recurring
REV100195,CUST1002,SUB10006,2023-05-28,332.5,33.25,0.0,299.25,Recurring
REV100196,CUST1002,SUB10006,2023-06-28,332.5,33.25,0.0,299.25,Recurring
REV100197,CUST1002,SUB10006,2023-07-28,332.5,33.25,0.0,299.25,Recurring
REV100198,CUST1002,SUB10006,2023-08-28,332.5,0.0,0.0,332.5,Recurring
REV100199,CUST1002,SUB10006,2023-09-28,332.5,16.62,0.0,315.88,Recurring
REV100200,CUST1002,SUB10006,2023-10-28,332.5,0.0,0.0,332.5,Recurring
REV100201,CUST1002,SUB10006,2023-11-28,332.5,0.0,0.0,332.5,Recurring
REV100202,CUST1002,SUB10006,2023-12-28,332.5,0.0,0.0,332.5,Recurring
REV100203,CUST1002,SUB10006,2024-01-28,332.5,16.62,0.0,315.88,Recurring
REV100204,CUST1002,SUB10006,2024-02-28,332.5,0.0,0.0,332.5,Recurring
REV100205,CUST1002,SUB10006,2024-03-28,332.5,0.0,0.0,332.5,Recurring
REV100206,CUST1002,SUB10006,2024-04-28,332.5,0.0,0.0,332.5,Recurring
REV100207,CUST1002,SUB10006,2024-05-28,332.5,33.25,0.0,299.25,Recurring
REV100208,CUST1002,SUB10006,2024-06-28,332.5,0.0,0.0,332.5,Recurring
REV100209,CUST1002,SUB10006,2024-07-28,332.5,0.0,0.0,332.5,Recurring
REV100210,CUST1002,SUB10006,2024-08-28,332.5,33.25,0.0,299.25,Recurring
REV100211,CUST1002,SUB10006,2024-09-28,332.5,0.0,0.0,332.5,Recurring
REV100212,CUST1002,SUB10006,2024-10-28,332.5,0.0,0.0,332.5,Recurring
REV100213,CUST1002,SUB10006,2024-11-28,332.5,16.62,0.0,315.88,Recurring
REV100214,CUST1002,SUB10006,2024-12-28,332.5,0.0,0.0,332.5,Recurring
REV100215,CUST1002,SUB10006,2025-01-28,332.5,0.0,0.0,332.5,Recurring
REV100216,CUST1002,SUB10006,2025-02-28,332.5,0.0,0.0,332.5,Recurring
REV100217,CUST1002,SUB10006,2025-03-28,332.5,0.0,0.0,332.5,Recurring
REV100218,CUST1002,SUB10006,2025-04-28,332.5,0.0,0.0,332.5,Recurring
REV100219,CUST1002,SUB10006,2025-05-28,332.5,16.62,0.0,315.88,Recurring
REV100220,CUST1002,SUB10006,2025-06-28,332.5,0.0,0.0,332.5,Recurring
REV100221,CUST1002,SUB10006,2025-07-28,332.5,33.25,0.0,299.25,Recurring
REV100222,CUST1002,SUB10006,2025-08-28,332.5,0.0,0.0,332.5,Recurring
REV100223,CUST1002,SUB10006,2025-09-28,332.5,0.0,0.0,332.5,Recurring
REV100224,CUST1002,SUB10006,2025-10-28,332.5,33.25,0.0,299.25,Recurring
REV100225,CUST1002,SUB10006,2025-11-28,332.5,33.25,0.0,299.25,Recurring
REV100226,CUST1002,SUB10006,2025-12-28,332.5,0.0,0.0,332.5,Recurring
REV100227,CUST1002,SUB10007,2025-04-13,124.17,0.0,0.0,124.17,New
REV100228,CUST1002,SUB10007,2025-05-13,124.17,0.0,0.0,124.17,Recurring
REV100229,CUST1002,SUB10007,2025-06-13,124.17,12.42,3.73,108.02,Recurring
REV100230,CUST1002,SUB10007,2025-07-13,124.17,0.0,0.0,124.17,Recurring
REV100231,CUST1002,SUB10007,2025-08-13,124.17,12.42,0.0,111.75,Recurring
REV100232,CUST1002,SUB10007,2025-09-13,124.17,0.0,0.0,124.17,Recurring
REV100233,CUST1002,SUB10007,2025-10-13,124.17,0.0,0.0,124.17,Recurring
REV100234,CUST1002,SUB10007,2025-11-13,124.17,0.0,0.0,124.17,Recurring
REV100235,CUST1002,SUB10007,2025-12-13,124.17,0.0,0.0,124.17,Recurring
REV100236,CUST1039,SUB10008,2021-06-25,124.17,0.0,0.0,124.17,New
REV100237,CUST1039,SUB10008,2021-07-25,124.17,0.0,0.0,124.17,Recurring
REV100238,CUST1039,SUB10008,2021-08-25,124.17,6.21,0.0,117.96,Recurring
REV100239,CUST1039,SUB10008,2021-09-25,124.17,0.0,0.0,124.17,Recurring
REV100240,CUST1026,SUB10009,2021-07-25,332.5,0.0,0.0,332.5,New
REV100241,CUST1026,SUB10009,2021-08-25,332.5,0.0,0.0,332.5,Recurring
REV100242,CUST1026,SUB10009,2021-09-25,332.5,0.0,0.0,332.5,Recurring
REV100243,CUST1026,SUB10009,2021-10-25,332.5,0.0,0.0,332.5,Recurring
REV100244,CUST1026,SUB10009,2021-11-25,332.5,33.25,0.0,299.25,Recurring
REV100245,CUST1026,SUB10009,2021-12-25,332.5,0.0,0.0,332.5,Recurring
REV100246,CUST1026,SUB10009,2022-01-25,332.5,16.62,0.0,315.88,Recurring
REV100247,CUST1026,SUB10009,2022-02-25,332.5,16.62,0.0,315.88,Recurring
REV100248,CUST1026,SUB10009,2022-03-25,332.5,16.62,0.0,315.88,Recurring
REV100249,CUST1026,SUB10009,2022-04-25,332.5,16.62,0.0,315.88,Recurring
REV100250,CUST1026,SUB10009,2022-05-25,332.5,0.0,0.0,332.5,Recurring
REV100251,CUST1026,SUB10009,2022-06-25,332.5,0.0,0.0,332.5,Recurring
REV100252,CUST1026,SUB10009,2022-07-25,332.5,0.0,0.0,332.5,Recurring
REV100253,CUST1026,SUB10009,2022-08-25,332.5,33.25,0.0,299.25,Recurring
REV100254,CUST1026,SUB10009,2022-09-25,332.5,0.0,0.0,332.5,Recurring
REV100255,CUST1026,SUB10009,2022-10-25,332.5,33.25,0.0,299.25,Recurring
REV100256,CUST1026,SUB10009,2022-11-25,332.5,16.62,0.0,315.88,Recurring
REV100257,CUST1026,SUB10009,2022-12-25,332.5,16.62,0.0,315.88,Recurring
REV100258,CUST1026,SUB10009,2023-01-25,332.5,0.0,0.0,332.5,Recurring
REV100259,CUST1026,SUB10009,2023-02-25,332.5,33.25,0.0,299.25,Recurring
REV100260,CUST1026,SUB10009,2023-03-25,332.5,0.0,0.0,332.5,Recurring
REV100261,CUST1026,SUB10009,2023-04-25,332.5,0.0,0.0,332.5,Recurring
REV100262,CUST1026,SUB10009,2023-05-25,332.5,16.62,0.0,315.88,Recurring
REV100263,CUST1026,SUB10009,2023-06-25,332.5,0.0,0.0,332.5,Recurring
REV100264,CUST1026,SUB10009,2023-07-25,332.5,0.0,0.0,332.5,Recurring
REV100265,CUST1026,SUB10009,2023-08-25,332.5,0.0,0.0,332.5,Recurring
REV100266,CUST1026,SUB10009,2023-09-25,332.5,16.62,0.0,315.88,Recurring
REV100267,CUST1026,SUB10009,2023-10-25,332.5,0.0,0.0,332.5,Recurring
REV100268,CUST1026,SUB10009,2023-11-25,332.5,0.0,0.0,332.5,Recurring
REV100269,CUST1026,SUB10009,2023-12-25,332.5,0.0,0.0,332.5,Recurring
REV100270,CUST1026,SUB10009,2024-01-25,332.5,33.25,0.0,299.25,Recurring
REV100271,CUST1026,SUB10009,2024-02-25,332.5,33.25,0.0,299.25,Recurring
REV100272,CUST1026,SUB10009,2024-03-25,332.5,0.0,0.0,332.5,Recurring
REV100273,CUST1026,SUB10009,2024-04-25,332.5,16.62,0.0,315.88,Recurring
REV100274,CUST1026,SUB10009,2024-05-25,332.5,0.0,0.0,332.5,Recurring
REV100275,CUST1026,SUB10009,2024-06-25,332.5,33.25,0.0,299.25,Recurring
REV100276,CUST1026,SUB10009,2024-07-25,332.5,0.0,0.0,332.5,Recurring
REV100277,CUST1026,SUB10009,2024-08-25,332.5,0.0,0.0,332.5,Recurring
REV100278,CUST1026,SUB10009,2024-09-25,332.5,16.62,0.0,315.88,Recurring
REV100279,CUST1026,SUB10009,2024-10-25,332.5,0.0,0.0,332.5,Recurring
REV100280,CUST1026,SUB10009,2024-11-25,332.5,33.25,0.0,299.25,Recurring
REV100281,CUST1026,SUB10009,2024-12-25,332.5,0.0,0.0,332.5,Recurring
REV100282,CUST1026,SUB10009,2025-01-25,332.5,16.62,0.0,315.88,Recurring
REV100283,CUST1026,SUB10009,2025-02-25,332.5,33.25,0.0,299.25,Recurring
REV100284,CUST1026,SUB10009,2025-03-25,332.5,33.25,9.97,289.28,Recurring
REV100285,CUST1026,SUB10009,2025-04-25,332.5,0.0,9.97,322.53,Recurring
REV100286,CUST1026,SUB10009,2025-05-25,332.5,0.0,0.0,332.5,Recurring
REV100287,CUST1026,SUB10009,2025-06-25,332.5,0.0,0.0,332.5,Recurring
REV100288,CUST1026,SUB10009,2025-07-25,332.5,0.0,9.97,322.53,Recurring
REV100289,CUST1026,SUB10009,2025-08-25,332.5,0.0,0.0,332.5,Recurring
REV100290,CUST1026,SUB10009,2025-09-25,332.5,16.62,0.0,315.88,Recurring
REV100291,CUST1026,SUB10009,2025-10-25,332.5,0.0,0.0,332.5,Recurring
REV100292,CUST1026,SUB10009,2025-11-25,332.5,33.25,0.0,299.25,Recurring
REV100293,CUST1026,SUB10009,2025-12-25,332.5,16.62,0.0,315.88,Recurring
REV100294,CUST1026,SUB10010,2022-08-31,149.0,0.0,0.0,149.0,New
REV100295,CUST1026,SUB10010,2022-09-30,149.0,0.0,0.0,149.0,Recurring
REV100296,CUST1026,SUB10010,2022-10-30,149.0,14.9,0.0,134.1,Recurring
REV100297,CUST1026,SUB10010,2022-11-30,149.0,0.0,0.0,149.0,Recurring
REV100298,CUST1026,SUB10010,2022-12-30,149.0,14.9,0.0,134.1,Recurring
REV100299,CUST1026,SUB10010,2023-01-30,149.0,0.0,0.0,149.0,Recurring
REV100300,CUST1026,SUB10010,2023-02-28,149.0,7.45,0.0,141.55,Recurring
REV100301,CUST1026,SUB10010,2023-03-28,149.0,7.45,0.0,141.55,Recurring
REV100302,CUST1026,SUB10010,2023-04-28,149.0,0.0,0.0,149.0,Recurring
REV100303,CUST1026,SUB10010,2023-05-28,149.0,0.0,0.0,149.0,Recurring
REV100304,CUST1026,SUB10010,2023-06-28,149.0,0.0,0.0,149.0,Recurring
REV100305,CUST1026,SUB10010,2023-07-28,149.0,14.9,0.0,134.1,Recurring
REV100306,CUST1026,SUB10010,2023-08-28,149.0,0.0,0.0,149.0,Recurring
REV100307,CUST1026,SUB10010,2023-09-28,149.0,7.45,0.0,141.55,Recurring
REV100308,CUST1026,SUB10010,2023-10-28,149.0,0.0,4.47,144.53,Recurring
REV100309,CUST1026,SUB10010,2023-11-28,149.0,0.0,0.0,149.0,Recurring
REV100310,CUST1026,SUB10010,2023-12-28,149.0,0.0,0.0,149.0,Recurring
REV100311,CUST1026,SUB10010,2024-01-28,149.0,0.0,0.0,149.0,Recurring
REV100312,CUST1026,SUB10010,2024-02-28,149.0,0.0,0.0,149.0,Recurring
REV100313,CUST1026,SUB10010,2024-03-28,149.0,7.45,0.0,141.55,Recurring
REV100314,CUST1026,SUB10010,2024-04-28,149.0,7.45,0.0,141.55,Recurring
REV100315,CUST1026,SUB10010,2024-05-28,149.0,0.0,0.0,149.0,Recurring
REV100316,CUST1026,SUB10010,2024-06-28,149.0,0.0,0.0,149.0,Recurring
REV100317,CUST1026,SUB10010,2024-07-28,149.0,0.0,0.0,149.0,Recurring
REV100318,CUST1026,SUB10010,2024-08-28,149.0,7.45,0.0,141.55,Recurring
REV100319,CUST1026,SUB10010,2024-09-28,149.0,0.0,0.0,149.0,Recurring
REV100320,CUST1026,SUB10010,2024-10-28,149.0,14.9,0.0,134.1,Recurring
REV100321,CUST1026,SUB10010,2024-11-28,149.0,7.45,0.0,141.55,Recurring
REV100322,CUST1026,SUB10010,2024-12-28,149.0,7.45,4.47,137.08,Recurring
REV100323,CUST1026,SUB10010,2025-01-28,149.0,0.0,0.0,149.0,Recurring
REV100324,CUST1026,SUB10010,2025-02-28,149.0,14.9,0.0,134.1,Recurring
REV100325,CUST1026,SUB10010,2025-03-28,149.0,0.0,0.0,149.0,Recurring
REV100326,CUST1026,SUB10010,2025-04-28,149.0,0.0,0.0,149.0,Recurring
REV100327,CUST1026,SUB10010,2025-05-28,149.0,14.9,0.0,134.1,Recurring
REV100328,CUST1026,SUB10010,2025-06-28,149.0,0.0,0.0,149.0,Recurring
REV100329,CUST1026,SUB10010,2025-07-28,149.0,0.0,0.0,149.0,Recurring
REV100330,CUST1026,SUB10010,2025-08-28,149.0,0.0,0.0,149.0,Recurring
REV100331,CUST1026,SUB10010,2025-09-28,149.0,0.0,0.0,149.0,Recurring
REV100332,CUST1026,SUB10010,2025-10-28,149.0,0.0,0.0,149.0,Recurring
REV100333,CUST1026,SUB10010,2025-11-28,149.0,0.0,0.0,149.0,Recurring
REV100334,CUST1026,SUB10010,2025-12-28,149.0,0.0,0.0,149.0,Recurring
REV100335,CUST1026,SUB10011,2023-09-19,40.83,0.0,0.0,40.83,New
REV100336,CUST1026,SUB10011,2023-10-19,40.83,0.0,0.0,40.83,Recurring
REV100337,CUST1026,SUB10011,2023-11-19,40.83,0.0,0.0,40.83,Recurring
REV100338,CUST1026,SUB10011,2023-12-19,40.83,0.0,0.0,40.83,Recurring
REV100339,CUST1026,SUB10011,2024-01-19,40.83,2.04,0.0,38.79,Recurring
REV100340,CUST1026,SUB10011,2024-02-19,40.83,4.08,0.0,36.75,Recurring
REV100341,CUST1026,SUB10011,2024-03-19,40.83,2.04,0.0,38.79,Recurring
REV100342,CUST1026,SUB10011,2024-04-19,40.83,4.08,0.0,36.75,Recurring
REV100343,CUST1026,SUB10011,2024-05-19,40.83,4.08,0.0,36.75,Recurring
REV100344,CUST1026,SUB10011,2024-06-19,40.83,0.0,0.0,40.83,Recurring
REV100345,CUST1026,SUB10011,2024-07-19,40.83,0.0,0.0,40.83,Recurring
REV100346,CUST1026,SUB10011,2024-08-19,40.83,0.0,0.0,40.83,Recurring
REV100347,CUST1026,SUB10011,2024-09-19,40.83,4.08,0.0,36.75,Recurring
REV100348,CUST1026,SUB10011,2024-10-19,40.83,4.08,0.0,36.75,Recurring
REV100349,CUST1026,SUB10011,2024-11-19,40.83,2.04,0.0,38.79,Recurring
REV100350,CUST1026,SUB10011,2024-12-19,40.83,0.0,0.0,40.83,Recurring
REV100351,CUST1026,SUB10011,2025-01-19,40.83,0.0,0.0,40.83,Recurring
REV100352,CUST1026,SUB10011,2025-02-19,40.83,0.0,0.0,40.83,Recurring
REV100353,CUST1026,SUB10011,2025-03-19,40.83,4.08,0.0,36.75,Recurring
REV100354,CUST1026,SUB10011,2025-04-19,40.83,4.08,0.0,36.75,Recurring
REV100355,CUST1026,SUB10011,2025-05-19,40.83,0.0,0.0,40.83,Recurring
REV100356,CUST1026,SUB10011,2025-06-19,40.83,4.08,0.0,36.75,Recurring
REV100357,CUST1026,SUB10011,2025-07-19,40.83,0.0,0.0,40.83,Recurring
REV100358,CUST1026,SUB10011,2025-08-19,40.83,4.08,0.0,36.75,Recurring
REV100359,CUST1026,SUB10011,2025-09-19,40.83,0.0,0.0,40.83,Recurring
REV100360,CUST1026,SUB10011,2025-10-19,40.83,0.0,0.0,40.83,Recurring
REV100361,CUST1026,SUB10011,2025-11-19,40.83,0.0,0.0,40.83,Recurring
REV100362,CUST1026,SUB10011,2025-12-19,40.83,0.0,0.0,40.83,Recurring
REV100363,CUST1032,SUB10012,2021-07-27,399.0,19.95,0.0,379.05,New
REV100364,CUST1032,SUB10012,2021-08-27,399.0,39.9,0.0,359.1,Recurring
REV100365,CUST1032,SUB10012,2021-09-27,399.0,0.0,0.0,399.0,Recurring
REV100366,CUST1032,SUB10012,2021-10-27,399.0,0.0,0.0,399.0,Recurring
REV100367,CUST1032,SUB10012,2021-11-27,399.0,0.0,0.0,399.0,Recurring
REV100368,CUST1032,SUB10012,2021-12-27,399.0,0.0,0.0,399.0,Recurring
REV100369,CUST1032,SUB10012,2022-01-27,399.0,0.0,0.0,399.0,Recurring
REV100370,CUST1032,SUB10012,2022-02-27,399.0,0.0,0.0,399.0,Recurring
REV100371,CUST1032,SUB10012,2022-03-27,399.0,19.95,0.0,379.05,Recurring
REV100372,CUST1032,SUB10012,2022-04-27,399.0,39.9,0.0,359.1,Recurring
REV100373,CUST1032,SUB10012,2022-05-27,399.0,0.0,0.0,399.0,Recurring
REV100374,CUST1032,SUB10012,2022-06-27,399.0,0.0,0.0,399.0,Recurring
REV100375,CUST1032,SUB10012,2022-07-27,399.0,0.0,0.0,399.0,Recurring
REV100376,CUST1032,SUB10012,2022-08-27,399.0,19.95,0.0,379.05,Recurring
REV100377,CUST1032,SUB10012,2022-09-27,399.0,0.0,0.0,399.0,Recurring
REV100378,CUST1032,SUB10012,2022-10-27,399.0,19.95,0.0,379.05,Recurring
REV100379,CUST1032,SUB10012,2022-11-27,399.0,0.0,0.0,399.0,Recurring
REV100380,CUST1032,SUB10012,2022-12-27,399.0,39.9,0.0,359.1,Recurring
REV100381,CUST1032,SUB10012,2023-01-27,399.0,19.95,0.0,379.05,Recurring
REV100382,CUST1032,SUB10012,2023-02-27,399.0,0.0,0.0,399.0,Recurring
REV100383,CUST1032,SUB10012,2023-03-27,399.0,0.0,0.0,399.0,Recurring
REV100384,CUST1032,SUB10012,2023-04-27,399.0,0.0,0.0,399.0,Recurring
REV100385,CUST1032,SUB10012,2023-05-27,399.0,19.95,0.0,379.05,Recurring
REV100386,CUST1032,SUB10012,2023-06-27,399.0,0.0,0.0,399.0,Recurring
REV100387,CUST1032,SUB10012,2023-07-27,399.0,0.0,0.0,399.0,Recurring
REV100388,CUST1032,SUB10013,2023-09-07,49.0,0.0,0.0,49.0,New
REV100389,CUST1032,SUB10013,2023-10-07,49.0,4.9,0.0,44.1,Recurring
REV100390,CUST1032,SUB10013,2023-11-07,49.0,4.9,0.0,44.1,Recurring
REV100391,CUST1032,SUB10013,2023-12-07,49.0,0.0,0.0,49.0,Recurring
REV100392,CUST1032,SUB10013,2024-01-07,49.0,4.9,0.0,44.1,Recurring
REV100393,CUST1032,SUB10013,2024-02-07,49.0,2.45,0.0,46.55,Recurring
REV100394,CUST1032,SUB10013,2024-03-07,49.0,0.0,0.0,49.0,Recurring
REV100395,CUST1032,SUB10013,2024-04-07,49.0,4.9,0.0,44.1,Recurring
REV100396,CUST1032,SUB10013,2024-05-07,49.0,0.0,0.0,49.0,Recurring
REV100397,CUST1032,SUB10013,2024-06-07,49.0,0.0,0.0,49.0,Recurring
REV100398,CUST1032,SUB10013,2024-07-07,49.0,0.0,0.0,49.0,Recurring
REV100399,CUST1032,SUB10013,2024-08-07,49.0,4.9,0.0,44.1,Recurring
REV100400,CUST1032,SUB10013,2024-09-07,49.0,2.45,0.0,46.55,Recurring
REV100401,CUST1032,SUB10013,2024-10-07,49.0,0.0,0.0,49.0,Recurring
REV100402,CUST1032,SUB10013,2024-11-07,49.0,2.45,0.0,46.55,Recurring
REV100403,CUST1032,SUB10013,2024-12-07,49.0,0.0,0.0,49.0,Recurring
REV100404,CUST1032,SUB10013,2025-01-07,49.0,4.9,0.0,44.1,Recurring
REV100405,CUST1032,SUB10013,2025-02-07,49.0,2.45,0.0,46.55,Recurring
REV100406,CUST1032,SUB10013,2025-03-07,49.0,2.45,0.0,46.55,Recurring
REV100407,CUST1032,SUB10013,2025-04-07,49.0,2.45,0.0,46.55,Recurring
REV100408,CUST1032,SUB10013,2025-05-07,49.0,0.0,0.0,49.0,Recurring
REV100409,CUST1032,SUB10013,2025-06-07,49.0,0.0,0.0,49.0,Recurring
REV100410,CUST1032,SUB10013,2025-07-07,49.0,0.0,0.0,49.0,Recurring
REV100411,CUST1032,SUB10013,2025-08-07,49.0,0.0,0.0,49.0,Recurring
REV100412,CUST1032,SUB10013,2025-09-07,49.0,0.0,0.0,49.0,Recurring
REV100413,CUST1032,SUB10013,2025-10-07,49.0,4.9,0.0,44.1,Recurring
REV100414,CUST1032,SUB10013,2025-11-07,49.0,0.0,0.0,49.0,Recurring
REV100415,CUST1032,SUB10013,2025-12-07,49.0,0.0,0.0,49.0,Recurring
REV100416,CUST1004,SUB10014,2021-07-26,332.5,33.25,0.0,299.25,New
REV100417,CUST1004,SUB10014,2021-08-26,332.5,16.62,0.0,315.88,Recurring
REV100418,CUST1004,SUB10014,2021-09-26,332.5,0.0,0.0,332.5,Recurring
REV100419,CUST1004,SUB10014,2021-10-26,332.5,0.0,0.0,332.5,Recurring
REV100420,CUST1004,SUB10014,2021-11-26,332.5,16.62,0.0,315.88,Recurring
REV100421,CUST1004,SUB10014,2021-12-26,332.5,33.25,0.0,299.25,Recurring
REV100422,CUST1004,SUB10014,2022-01-26,332.5,16.62,0.0,315.88,Recurring
REV100423,CUST1004,SUB10014,2022-02-26,332.5,0.0,0.0,332.5,Recurring
REV100424,CUST1004,SUB10014,2022-03-26,332.5,0.0,0.0,332.5,Recurring
REV100425,CUST1004,SUB10014,2022-04-26,332.5,0.0,0.0,332.5,Recurring
REV100426,CUST1004,SUB10014,2022-05-26,332.5,0.0,0.0,332.5,Recurring
REV100427,CUST1004,SUB10014,2022-06-26,332.5,16.62,0.0,315.88,Recurring
REV100428,CUST1004,SUB10014,2022-07-26,332.5,0.0,0.0,332.5,Recurring
REV100429,CUST1004,SUB10014,2022-08-26,332.5,16.62,0.0,315.88,Recurring
REV100430,CUST1004,SUB10014,2022-09-26,332.5,0.0,0.0,332.5,Recurring
REV100431,CUST1004,SUB10014,2022-10-26,332.5,0.0,0.0,332.5,Recurring
REV100432,CUST1004,SUB10014,2022-11-26,332.5,0.0,0.0,332.5,Recurring
REV100433,CUST1004,SUB10014,2022-12-26,332.5,33.25,0.0,299.25,Recurring
REV100434,CUST1004,SUB10014,2023-01-26,332.5,0.0,0.0,332.5,Recurring
REV100435,CUST1004,SUB10014,2023-02-26,332.5,0.0,0.0,332.5,Recurring
REV100436,CUST1004,SUB10014,2023-03-26,332.5,0.0,0.0,332.5,Recurring
REV100437,CUST1004,SUB10014,2023-04-26,332.5,33.25,0.0,299.25,Recurring
REV100438,CUST1004,SUB10014,2023-05-26,332.5,0.0,0.0,332.5,Recurring
REV100439,CUST1004,SUB10014,2023-06-26,332.5,16.62,0.0,315.88,Recurring
REV100440,CUST1004,SUB10014,2023-07-26,332.5,0.0,0.0,332.5,Recurring
REV100441,CUST1004,SUB10014,2023-08-26,332.5,33.25,0.0,299.25,Recurring
REV100442,CUST1004,SUB10014,2023-09-26,332.5,0.0,0.0,332.5,Recurring
REV100443,CUST1004,SUB10014,2023-10-26,332.5,0.0,0.0,332.5,Recurring
REV100444,CUST1004,SUB10014,2023-11-26,332.5,0.0,0.0,332.5,Recurring
REV100445,CUST1004,SUB10014,2023-12-26,332.5,0.0,0.0,332.5,Recurring
REV100446,CUST1004,SUB10014,2024-01-26,332.5,0.0,0.0,332.5,Recurring
REV100447,CUST1004,SUB10014,2024-02-26,332.5,0.0,0.0,332.5,Recurring
REV100448,CUST1004,SUB10014,2024-03-26,332.5,33.25,0.0,299.25,Recurring
REV100449,CUST1004,SUB10014,2024-04-26,332.5,33.25,0.0,299.25,Recurring
REV100450,CUST1004,SUB10014,2024-05-26,332.5,16.62,0.0,315.88,Recurring
REV100451,CUST1004,SUB10014,2024-06-26,332.5,0.0,0.0,332.5,Recurring
REV100452,CUST1004,SUB10014,2024-07-26,332.5,0.0,0.0,332.5,Recurring
REV100453,CUST1004,SUB10014,2024-08-26,332.5,0.0,0.0,332.5,Recurring
REV100454,CUST1004,SUB10014,2024-09-26,332.5,0.0,0.0,332.5,Recurring
REV100455,CUST1004,SUB10014,2024-10-26,332.5,0.0,0.0,332.5,Recurring
REV100456,CUST1004,SUB10014,2024-11-26,332.5,0.0,0.0,332.5,Recurring
REV100457,CUST1004,SUB10014,2024-12-26,332.5,0.0,0.0,332.5,Recurring
REV100458,CUST1004,SUB10014,2025-01-26,332.5,0.0,0.0,332.5,Recurring
REV100459,CUST1004,SUB10014,2025-02-26,332.5,16.62,0.0,315.88,Recurring
REV100460,CUST1004,SUB10014,2025-03-26,332.5,16.62,0.0,315.88,Recurring
REV100461,CUST1004,SUB10014,2025-04-26,332.5,0.0,0.0,332.5,Recurring
REV100462,CUST1004,SUB10014,2025-05-26,332.5,16.62,0.0,315.88,Recurring
REV100463,CUST1004,SUB10014,2025-06-26,332.5,0.0,0.0,332.5,Recurring
REV100464,CUST1004,SUB10014,2025-07-26,332.5,0.0,0.0,332.5,Recurring
REV100465,CUST1004,SUB10014,2025-08-26,332.5,0.0,0.0,332.5,Recurring
REV100466,CUST1004,SUB10014,2025-09-26,332.5,33.25,0.0,299.25,Recurring
REV100467,CUST1004,SUB10014,2025-10-26,332.5,33.25,0.0,299.25,Recurring
REV100468,CUST1004,SUB10014,2025-11-26,332.5,0.0,0.0,332.5,Recurring
REV100469,CUST1004,SUB10014,2025-12-26,332.5,0.0,0.0,332.5,Recurring
REV100470,CUST1031,SUB10015,2021-09-13,332.5,0.0,0.0,332.5,New
REV100471,CUST1031,SUB10015,2021-10-13,332.5,0.0,0.0,332.5,Recurring
REV100472,CUST1031,SUB10015,2021-11-13,332.5,0.0,0.0,332.5,Recurring
REV100473,CUST1031,SUB10015,2021-12-13,332.5,16.62,0.0,315.88,Recurring
REV100474,CUST1031,SUB10015,2022-01-13,332.5,16.62,0.0,315.88,Recurring
REV100475,CUST1031,SUB10015,2022-02-13,332.5,0.0,0.0,332.5,Recurring
REV100476,CUST1031,SUB10015,2022-03-13,332.5,16.62,0.0,315.88,Recurring
REV100477,CUST1031,SUB10015,2022-04-13,332.5,33.25,0.0,299.25,Recurring
REV100478,CUST1031,SUB10015,2022-05-13,332.5,0.0,0.0,332.5,Recurring
REV100479,CUST1031,SUB10015,2022-06-13,332.5,0.0,0.0,332.5,Recurring
REV100480,CUST1031,SUB10015,2022-07-13,332.5,0.0,0.0,332.5,Recurring
REV100481,CUST1031,SUB10015,2022-08-13,332.5,0.0,0.0,332.5,Recurring
REV100482,CUST1031,SUB10015,2022-09-13,332.5,0.0,0.0,332.5,Recurring
REV100483,CUST1031,SUB10015,2022-10-13,332.5,0.0,0.0,332.5,Recurring
REV100484,CUST1031,SUB10015,2022-11-13,332.5,16.62,0.0,315.88,Recurring
REV100485,CUST1031,SUB10015,2022-12-13,332.5,16.62,0.0,315.88,Recurring
REV100486,CUST1031,SUB10015,2023-01-13,332.5,0.0,0.0,332.5,Recurring
REV100487,CUST1031,SUB10015,2023-02-13,332.5,0.0,0.0,332.5,Recurring
REV100488,CUST1031,SUB10015,2023-03-13,332.5,16.62,0.0,315.88,Recurring
REV100489,CUST1031,SUB10015,2023-04-13,332.5,0.0,0.0,332.5,Recurring
REV100490,CUST1031,SUB10015,2023-05-13,332.5,16.62,0.0,315.88,Recurring
REV100491,CUST1031,SUB10015,2023-06-13,332.5,0.0,0.0,332.5,Recurring
REV100492,CUST1031,SUB10015,2023-07-13,332.5,0.0,0.0,332.5,Recurring
REV100493,CUST1031,SUB10015,2023-08-13,332.5,16.62,0.0,315.88,Recurring
REV100494,CUST1031,SUB10015,2023-09-13,332.5,0.0,0.0,332.5,Recurring
REV100495,CUST1031,SUB10015,2023-10-13,332.5,0.0,0.0,332.5,Recurring
REV100496,CUST1031,SUB10015,2023-11-13,332.5,33.25,0.0,299.25,Recurring
REV100497,CUST1031,SUB10015,2023-12-13,332.5,0.0,0.0,332.5,Recurring
REV100498,CUST1031,SUB10015,2024-01-13,332.5,0.0,0.0,332.5,Recurring
REV100499,CUST1031,SUB10015,2024-02-13,332.5,0.0,0.0,332.5,Recurring
REV100500,CUST1031,SUB10015,2024-03-13,332.5,33.25,0.0,299.25,Recurring
REV100501,CUST1031,SUB10015,2024-04-13,332.5,0.0,0.0,332.5,Recurring
REV100502,CUST1031,SUB10015,2024-05-13,332.5,0.0,0.0,332.5,Recurring
REV100503,CUST1031,SUB10015,2024-06-13,332.5,0.0,0.0,332.5,Recurring
REV100504,CUST1031,SUB10015,2024-07-13,332.5,16.62,0.0,315.88,Recurring
REV100505,CUST1031,SUB10015,2024-08-13,332.5,33.25,0.0,299.25,Recurring
REV100506,CUST1031,SUB10015,2024-09-13,332.5,0.0,0.0,332.5,Recurring
REV100507,CUST1031,SUB10015,2024-10-13,332.5,0.0,0.0,332.5,Recurring
REV100508,CUST1031,SUB10015,2024-11-13,332.5,0.0,0.0,332.5,Recurring
REV100509,CUST1031,SUB10015,2024-12-13,332.5,16.62,0.0,315.88,Recurring
REV100510,CUST1031,SUB10015,2025-01-13,332.5,0.0,0.0,332.5,Recurring
REV100511,CUST1031,SUB10015,2025-02-13,332.5,16.62,0.0,315.88,Recurring
REV100512,CUST1031,SUB10015,2025-03-13,332.5,16.62,0.0,315.88,Recurring
REV100513,CUST1031,SUB10015,2025-04-13,332.5,0.0,0.0,332.5,Recurring
REV100514,CUST1031,SUB10015,2025-05-13,332.5,0.0,0.0,332.5,Recurring
REV100515,CUST1031,SUB10015,2025-06-13,332.5,0.0,0.0,332.5,Recurring
REV100516,CUST1031,SUB10015,2025-07-13,332.5,0.0,0.0,332.5,Recurring
REV100517,CUST1031,SUB10015,2025-08-13,332.5,0.0,0.0,332.5,Recurring
REV100518,CUST1031,SUB10015,2025-09-13,332.5,33.25,0.0,299.25,Recurring
REV100519,CUST1031,SUB10015,2025-10-13,332.5,0.0,0.0,332.5,Recurring
REV100520,CUST1031,SUB10015,2025-11-13,332.5,0.0,0.0,332.5,Recurring
REV100521,CUST1031,SUB10015,2025-12-13,332.5,0.0,0.0,332.5,Recurring
REV100522,CUST1059,SUB10016,2021-09-29,149.0,14.9,0.0,134.1,New
REV100523,CUST1059,SUB10016,2021-10-29,149.0,14.9,0.0,134.1,Recurring
REV100524,CUST1059,SUB10016,2021-11-29,149.0,0.0,0.0,149.0,Recurring
REV100525,CUST1059,SUB10016,2021-12-29,149.0,7.45,0.0,141.55,Recurring
REV100526,CUST1059,SUB10016,2022-01-29,149.0,7.45,0.0,141.55,Recurring
REV100527,CUST1059,SUB10016,2022-02-28,149.0,7.45,0.0,141.55,Recurring
REV100528,CUST1059,SUB10016,2022-03-28,149.0,0.0,0.0,149.0,Recurring
REV100529,CUST1059,SUB10016,2022-04-28,149.0,0.0,0.0,149.0,Recurring
REV100530,CUST1059,SUB10016,2022-05-28,149.0,7.45,0.0,141.55,Recurring
REV100531,CUST1059,SUB10016,2022-06-28,149.0,14.9,0.0,134.1,Recurring
REV100532,CUST1059,SUB10016,2022-07-28,149.0,14.9,0.0,134.1,Recurring
REV100533,CUST1059,SUB10016,2022-08-28,149.0,0.0,0.0,149.0,Recurring
REV100534,CUST1059,SUB10016,2022-09-28,149.0,0.0,0.0,149.0,Recurring
REV100535,CUST1059,SUB10016,2022-10-28,149.0,0.0,0.0,149.0,Recurring
REV100536,CUST1059,SUB10016,2022-11-28,149.0,14.9,0.0,134.1,Recurring
REV100537,CUST1059,SUB10016,2022-12-28,149.0,0.0,0.0,149.0,Recurring
REV100538,CUST1059,SUB10016,2023-01-28,149.0,0.0,0.0,149.0,Recurring
REV100539,CUST1059,SUB10016,2023-02-28,149.0,14.9,0.0,134.1,Recurring
REV100540,CUST1059,SUB10016,2023-03-28,149.0,0.0,0.0,149.0,Recurring
REV100541,CUST1059,SUB10016,2023-04-28,149.0,14.9,0.0,134.1,Recurring
REV100542,CUST1059,SUB10016,2023-05-28,149.0,0.0,0.0,149.0,Recurring
REV100543,CUST1059,SUB10016,2023-06-28,149.0,0.0,0.0,149.0,Recurring
REV100544,CUST1059,SUB10016,2023-07-28,149.0,0.0,0.0,149.0,Recurring
REV100545,CUST1059,SUB10016,2023-08-28,149.0,14.9,0.0,134.1,Recurring
REV100546,CUST1059,SUB10016,2023-09-28,149.0,14.9,0.0,134.1,Recurring
REV100547,CUST1059,SUB10016,2023-10-28,149.0,14.9,0.0,134.1,Recurring
REV100548,CUST1059,SUB10016,2023-11-28,149.0,14.9,0.0,134.1,Recurring
REV100549,CUST1059,SUB10016,2023-12-28,149.0,0.0,0.0,149.0,Recurring
REV100550,CUST1059,SUB10016,2024-01-28,149.0,14.9,0.0,134.1,Recurring
REV100551,CUST1059,SUB10016,2024-02-28,149.0,0.0,0.0,149.0,Recurring
REV100552,CUST1059,SUB10016,2024-03-28,149.0,7.45,0.0,141.55,Recurring
REV100553,CUST1059,SUB10016,2024-04-28,149.0,0.0,0.0,149.0,Recurring
REV100554,CUST1059,SUB10016,2024-05-28,149.0,14.9,0.0,134.1,Recurring
REV100555,CUST1059,SUB10016,2024-06-28,149.0,0.0,0.0,149.0,Recurring
REV100556,CUST1059,SUB10016,2024-07-28,149.0,7.45,0.0,141.55,Recurring
REV100557,CUST1059,SUB10016,2024-08-28,149.0,0.0,0.0,149.0,Recurring
REV100558,CUST1059,SUB10016,2024-09-28,149.0,0.0,0.0,149.0,Recurring
REV100559,CUST1059,SUB10016,2024-10-28,149.0,7.45,0.0,141.55,Recurring
REV100560,CUST1059,SUB10016,2024-11-28,149.0,0.0,0.0,149.0,Recurring
REV100561,CUST1059,SUB10016,2024-12-28,149.0,0.0,0.0,149.0,Recurring
REV100562,CUST1059,SUB10016,2025-01-28,149.0,0.0,0.0,149.0,Recurring
REV100563,CUST1059,SUB10016,2025-02-28,149.0,0.0,0.0,149.0,Recurring
REV100564,CUST1059,SUB10016,2025-03-28,149.0,0.0,0.0,149.0,Recurring
REV100565,CUST1059,SUB10016,2025-04-28,149.0,14.9,0.0,134.1,Recurring
REV100566,CUST1059,SUB10016,2025-05-28,149.0,0.0,0.0,149.0,Recurring
REV100567,CUST1059,SUB10016,2025-06-28,149.0,0.0,0.0,149.0,Recurring
REV100568,CUST1059,SUB10016,2025-07-28,149.0,0.0,0.0,149.0,Recurring
REV100569,CUST1059,SUB10016,2025-08-28,149.0,0.0,0.0,149.0,Recurring
REV100570,CUST1059,SUB10016,2025-09-28,149.0,7.45,0.0,141.55,Recurring
REV100571,CUST1059,SUB10016,2025-10-28,149.0,7.45,0.0,141.55,Recurring
REV100572,CUST1059,SUB10016,2025-11-28,149.0,0.0,0.0,149.0,Recurring
REV100573,CUST1059,SUB10016,2025-12-28,149.0,14.9,0.0,134.1,Recurring
REV100574,CUST1019,SUB10017,2021-11-20,49.0,0.0,0.0,49.0,New
REV100575,CUST1019,SUB10017,2021-12-20,49.0,2.45,0.0,46.55,Recurring
REV100576,CUST1019,SUB10017,2022-01-20,49.0,2.45,0.0,46.55,Recurring
REV100577,CUST1019,SUB10017,2022-02-20,49.0,0.0,0.0,49.0,Recurring
REV100578,CUST1019,SUB10017,2022-03-20,49.0,0.0,0.0,49.0,Recurring
REV100579,CUST1019,SUB10017,2022-04-20,49.0,4.9,0.0,44.1,Recurring
REV100580,CUST1019,SUB10017,2022-05-20,49.0,0.0,0.0,49.0,Recurring
REV100581,CUST1019,SUB10017,2022-06-20,49.0,0.0,0.0,49.0,Recurring
REV100582,CUST1019,SUB10017,2022-07-20,49.0,0.0,0.0,49.0,Recurring
REV100583,CUST1019,SUB10017,2022-08-20,49.0,2.45,0.0,46.55,Recurring
REV100584,CUST1019,SUB10017,2022-09-20,49.0,0.0,0.0,49.0,Recurring
REV100585,CUST1019,SUB10017,2022-10-20,49.0,2.45,0.0,46.55,Recurring
REV100586,CUST1019,SUB10017,2022-11-20,49.0,0.0,0.0,49.0,Recurring
REV100587,CUST1037,SUB10018,2021-10-23,999.0,49.95,0.0,949.05,New
REV100588,CUST1037,SUB10018,2021-11-23,999.0,49.95,0.0,949.05,Recurring
REV100589,CUST1037,SUB10018,2021-12-23,999.0,99.9,0.0,899.1,Recurring
REV100590,CUST1037,SUB10018,2022-01-23,999.0,99.9,0.0,899.1,Recurring
REV100591,CUST1037,SUB10018,2022-02-23,999.0,49.95,0.0,949.05,Recurring
REV100592,CUST1037,SUB10018,2022-03-23,999.0,99.9,0.0,899.1,Recurring
REV100593,CUST1037,SUB10018,2022-04-23,999.0,99.9,0.0,899.1,Recurring
REV100594,CUST1037,SUB10018,2022-05-23,999.0,0.0,0.0,999.0,Recurring
REV100595,CUST1037,SUB10018,2022-06-23,999.0,0.0,0.0,999.0,Recurring
REV100596,CUST1037,SUB10018,2022-07-23,999.0,0.0,0.0,999.0,Recurring
REV100597,CUST1037,SUB10018,2022-08-23,999.0,0.0,0.0,999.0,Recurring
REV100598,CUST1037,SUB10018,2022-09-23,999.0,0.0,0.0,999.0,Recurring
REV100599,CUST1037,SUB10018,2022-10-23,999.0,49.95,0.0,949.05,Recurring
REV100600,CUST1037,SUB10018,2022-11-23,999.0,0.0,0.0,999.0,Recurring
REV100601,CUST1037,SUB10018,2022-12-23,999.0,0.0,0.0,999.0,Recurring
REV100602,CUST1037,SUB10018,2023-01-23,999.0,99.9,0.0,899.1,Recurring
REV100603,CUST1037,SUB10018,2023-02-23,999.0,99.9,0.0,899.1,Recurring
REV100604,CUST1037,SUB10018,2023-03-23,999.0,0.0,0.0,999.0,Recurring
REV100605,CUST1037,SUB10018,2023-04-23,999.0,99.9,0.0,899.1,Recurring
REV100606,CUST1037,SUB10018,2023-05-23,999.0,49.95,0.0,949.05,Recurring
REV100607,CUST1037,SUB10018,2023-06-23,999.0,0.0,0.0,999.0,Recurring
REV100608,CUST1037,SUB10018,2023-07-23,999.0,99.9,0.0,899.1,Recurring
REV100609,CUST1037,SUB10018,2023-08-23,999.0,99.9,0.0,899.1,Recurring
REV100610,CUST1037,SUB10018,2023-09-23,999.0,99.9,0.0,899.1,Recurring
REV100611,CUST1037,SUB10018,2023-10-23,999.0,0.0,0.0,999.0,Recurring
REV100612,CUST1037,SUB10018,2023-11-23,999.0,0.0,0.0,999.0,Recurring
REV100613,CUST1037,SUB10018,2023-12-23,999.0,99.9,0.0,899.1,Recurring
REV100614,CUST1037,SUB10018,2024-01-23,999.0,0.0,0.0,999.0,Recurring
REV100615,CUST1037,SUB10018,2024-02-23,999.0,0.0,0.0,999.0,Recurring
REV100616,CUST1037,SUB10018,2024-03-23,999.0,99.9,0.0,899.1,Recurring
REV100617,CUST1037,SUB10018,2024-04-23,999.0,0.0,0.0,999.0,Recurring
REV100618,CUST1037,SUB10018,2024-05-23,999.0,0.0,0.0,999.0,Recurring
REV100619,CUST1037,SUB10018,2024-06-23,999.0,99.9,0.0,899.1,Recurring
REV100620,CUST1037,SUB10018,2024-07-23,999.0,49.95,0.0,949.05,Recurring
REV100621,CUST1037,SUB10018,2024-08-23,999.0,0.0,0.0,999.0,Recurring
REV100622,CUST1037,SUB10018,2024-09-23,999.0,0.0,0.0,999.0,Recurring
REV100623,CUST1037,SUB10018,2024-10-23,999.0,49.95,0.0,949.05,Recurring
REV100624,CUST1037,SUB10018,2024-11-23,999.0,0.0,0.0,999.0,Recurring
REV100625,CUST1037,SUB10018,2024-12-23,999.0,0.0,0.0,999.0,Recurring
REV100626,CUST1037,SUB10018,2025-01-23,999.0,99.9,0.0,899.1,Recurring
REV100627,CUST1037,SUB10018,2025-02-23,999.0,0.0,0.0,999.0,Recurring
REV100628,CUST1037,SUB10018,2025-03-23,999.0,99.9,0.0,899.1,Recurring
REV100629,CUST1037,SUB10018,2025-04-23,999.0,0.0,0.0,999.0,Recurring
REV100630,CUST1037,SUB10018,2025-05-23,999.0,49.95,0.0,949.05,Recurring
REV100631,CUST1037,SUB10018,2025-06-23,999.0,0.0,0.0,999.0,Recurring
REV100632,CUST1037,SUB10018,2025-07-23,999.0,49.95,0.0,949.05,Recurring
REV100633,CUST1037,SUB10018,2025-08-23,999.0,0.0,0.0,999.0,Recurring
REV100634,CUST1037,SUB10018,2025-09-23,999.0,0.0,0.0,999.0,Recurring
REV100635,CUST1037,SUB10018,2025-10-23,999.0,0.0,0.0,999.0,Recurring
REV100636,CUST1037,SUB10018,2025-11-23,999.0,0.0,0.0,999.0,Recurring
REV100637,CUST1037,SUB10018,2025-12-23,999.0,0.0,0.0,999.0,Recurring
REV100638,CUST1037,SUB10019,2022-02-04,40.83,0.0,0.0,40.83,New
REV100639,CUST1037,SUB10019,2022-03-04,40.83,0.0,0.0,40.83,Recurring
REV100640,CUST1037,SUB10019,2022-04-04,40.83,2.04,0.0,38.79,Recurring
REV100641,CUST1037,SUB10019,2022-05-04,40.83,0.0,0.0,40.83,Recurring
REV100642,CUST1037,SUB10019,2022-06-04,40.83,0.0,0.0,40.83,Recurring
REV100643,CUST1037,SUB10019,2022-07-04,40.83,4.08,0.0,36.75,Recurring
REV100644,CUST1037,SUB10019,2022-08-04,40.83,2.04,0.0,38.79,Recurring
REV100645,CUST1037,SUB10019,2022-09-04,40.83,2.04,0.0,38.79,Recurring
REV100646,CUST1037,SUB10019,2022-10-04,40.83,0.0,0.0,40.83,Recurring
REV100647,CUST1037,SUB10019,2022-11-04,40.83,0.0,0.0,40.83,Recurring
REV100648,CUST1037,SUB10019,2022-12-04,40.83,0.0,0.0,40.83,Recurring
REV100649,CUST1037,SUB10019,2023-01-04,40.83,2.04,0.0,38.79,Recurring
REV100650,CUST1037,SUB10019,2023-02-04,40.83,2.04,0.0,38.79,Recurring
REV100651,CUST1037,SUB10019,2023-03-04,40.83,4.08,0.0,36.75,Recurring
REV100652,CUST1037,SUB10019,2023-04-04,40.83,4.08,0.0,36.75,Recurring
REV100653,CUST1037,SUB10019,2023-05-04,40.83,0.0,0.0,40.83,Recurring
REV100654,CUST1037,SUB10019,2023-06-04,40.83,4.08,0.0,36.75,Recurring
REV100655,CUST1037,SUB10019,2023-07-04,40.83,0.0,0.0,40.83,Recurring
REV100656,CUST1037,SUB10019,2023-08-04,40.83,4.08,0.0,36.75,Recurring
REV100657,CUST1037,SUB10019,2023-09-04,40.83,0.0,0.0,40.83,Recurring
REV100658,CUST1037,SUB10019,2023-10-04,40.83,2.04,0.0,38.79,Recurring
REV100659,CUST1037,SUB10019,2023-11-04,40.83,2.04,0.0,38.79,Recurring
REV100660,CUST1037,SUB10019,2023-12-04,40.83,0.0,1.22,39.61,Recurring
REV100661,CUST1037,SUB10019,2024-01-04,40.83,4.08,0.0,36.75,Recurring
REV100662,CUST1037,SUB10019,2024-02-04,40.83,0.0,0.0,40.83,Recurring
REV100663,CUST1037,SUB10019,2024-03-04,40.83,2.04,0.0,38.79,Recurring
REV100664,CUST1037,SUB10019,2024-04-04,40.83,0.0,0.0,40.83,Recurring
REV100665,CUST1037,SUB10019,2024-05-04,40.83,0.0,0.0,40.83,Recurring
REV100666,CUST1037,SUB10019,2024-06-04,40.83,0.0,0.0,40.83,Recurring
REV100667,CUST1037,SUB10019,2024-07-04,40.83,0.0,0.0,40.83,Recurring
REV100668,CUST1037,SUB10019,2024-08-04,40.83,0.0,0.0,40.83,Recurring
REV100669,CUST1037,SUB10019,2024-09-04,40.83,0.0,0.0,40.83,Recurring
REV100670,CUST1037,SUB10019,2024-10-04,40.83,0.0,0.0,40.83,Recurring
REV100671,CUST1037,SUB10019,2024-11-04,40.83,0.0,0.0,40.83,Recurring
REV100672,CUST1037,SUB10019,2024-12-04,40.83,0.0,0.0,40.83,Recurring
REV100673,CUST1037,SUB10019,2025-01-04,40.83,2.04,0.0,38.79,Recurring
REV100674,CUST1037,SUB10019,2025-02-04,40.83,0.0,0.0,40.83,Recurring
REV100675,CUST1043,SUB10020,2021-12-04,40.83,0.0,0.0,40.83,New
REV100676,CUST1043,SUB10020,2022-01-04,40.83,0.0,0.0,40.83,Recurring
REV100677,CUST1043,SUB10020,2022-02-04,40.83,4.08,0.0,36.75,Recurring
REV100678,CUST1043,SUB10020,2022-03-04,40.83,0.0,0.0,40.83,Recurring
REV100679,CUST1043,SUB10020,2022-04-04,40.83,4.08,0.0,36.75,Recurring
REV100680,CUST1043,SUB10020,2022-05-04,40.83,0.0,0.0,40.83,Recurring
REV100681,CUST1043,SUB10020,2022-06-04,40.83,2.04,0.0,38.79,Recurring
REV100682,CUST1043,SUB10020,2022-07-04,40.83,0.0,0.0,40.83,Recurring
REV100683,CUST1043,SUB10020,2022-08-04,40.83,2.04,0.0,38.79,Recurring
REV100684,CUST1043,SUB10020,2022-09-04,40.83,0.0,1.22,39.61,Recurring
REV100685,CUST1043,SUB10020,2022-10-04,40.83,0.0,0.0,40.83,Recurring
REV100686,CUST1043,SUB10020,2022-11-04,40.83,4.08,0.0,36.75,Recurring
REV100687,CUST1043,SUB10020,2022-12-04,40.83,0.0,0.0,40.83,Recurring
REV100688,CUST1043,SUB10020,2023-01-04,40.83,2.04,0.0,38.79,Recurring
REV100689,CUST1043,SUB10020,2023-02-04,40.83,4.08,0.0,36.75,Recurring
REV100690,CUST1043,SUB10020,2023-03-04,40.83,2.04,0.0,38.79,Recurring
REV100691,CUST1043,SUB10020,2023-04-04,40.83,0.0,0.0,40.83,Recurring
REV100692,CUST1043,SUB10020,2023-05-04,40.83,2.04,0.0,38.79,Recurring
REV100693,CUST1043,SUB10020,2023-06-04,40.83,0.0,1.22,39.61,Recurring
REV100694,CUST1043,SUB10020,2023-07-04,40.83,2.04,0.0,38.79,Recurring
REV100695,CUST1043,SUB10020,2023-08-04,40.83,0.0,0.0,40.83,Recurring
REV100696,CUST1043,SUB10020,2023-09-04,40.83,0.0,0.0,40.83,Recurring
REV100697,CUST1043,SUB10020,2023-10-04,40.83,4.08,1.22,35.53,Recurring
REV100698,CUST1043,SUB10020,2023-11-04,40.83,0.0,0.0,40.83,Recurring
REV100699,CUST1043,SUB10020,2023-12-04,40.83,0.0,0.0,40.83,Recurring
REV100700,CUST1043,SUB10020,2024-01-04,40.83,2.04,0.0,38.79,Recurring
REV100701,CUST1043,SUB10020,2024-02-04,40.83,2.04,0.0,38.79,Recurring
REV100702,CUST1043,SUB10020,2024-03-04,40.83,0.0,0.0,40.83,Recurring
REV100703,CUST1043,SUB10020,2024-04-04,40.83,0.0,0.0,40.83,Recurring
REV100704,CUST1043,SUB10020,2024-05-04,40.83,0.0,0.0,40.83,Recurring
REV100705,CUST1043,SUB10020,2024-06-04,40.83,0.0,0.0,40.83,Recurring
REV100706,CUST1043,SUB10020,2024-07-04,40.83,2.04,0.0,38.79,Recurring
REV100707,CUST1043,SUB10020,2024-08-04,40.83,4.08,0.0,36.75,Recurring
REV100708,CUST1043,SUB10020,2024-09-04,40.83,4.08,0.0,36.75,Recurring
REV100709,CUST1043,SUB10020,2024-10-04,40.83,4.08,0.0,36.75,Recurring
REV100710,CUST1043,SUB10020,2024-11-04,40.83,0.0,0.0,40.83,Recurring
REV100711,CUST1043,SUB10020,2024-12-04,40.83,4.08,0.0,36.75,Recurring
REV100712,CUST1043,SUB10020,2025-01-04,40.83,0.0,0.0,40.83,Recurring
REV100713,CUST1043,SUB10020,2025-02-04,40.83,4.08,0.0,36.75,Recurring
REV100714,CUST1043,SUB10020,2025-03-04,40.83,0.0,0.0,40.83,Recurring
REV100715,CUST1043,SUB10020,2025-04-04,40.83,0.0,0.0,40.83,Recurring
REV100716,CUST1043,SUB10020,2025-05-04,40.83,4.08,0.0,36.75,Recurring
REV100717,CUST1043,SUB10020,2025-06-04,40.83,0.0,0.0,40.83,Recurring
REV100718,CUST1043,SUB10020,2025-07-04,40.83,0.0,0.0,40.83,Recurring
REV100719,CUST1043,SUB10020,2025-08-04,40.83,4.08,0.0,36.75,Recurring
REV100720,CUST1043,SUB10020,2025-09-04,40.83,0.0,0.0,40.83,Recurring
REV100721,CUST1043,SUB10020,2025-10-04,40.83,2.04,0.0,38.79,Recurring
REV100722,CUST1043,SUB10020,2025-11-04,40.83,4.08,0.0,36.75,Recurring
REV100723,CUST1043,SUB10020,2025-12-04,40.83,0.0,0.0,40.83,Recurring
REV100724,CUST1043,SUB10021,2022-03-25,49.0,4.9,0.0,44.1,New
REV100725,CUST1043,SUB10021,2022-04-25,49.0,4.9,0.0,44.1,Recurring
REV100726,CUST1043,SUB10021,2022-05-25,49.0,2.45,0.0,46.55,Recurring
REV100727,CUST1043,SUB10021,2022-06-25,49.0,0.0,0.0,49.0,Recurring
REV100728,CUST1043,SUB10021,2022-07-25,49.0,2.45,0.0,46.55,Recurring
REV100729,CUST1043,SUB10021,2022-08-25,49.0,0.0,0.0,49.0,Recurring
REV100730,CUST1043,SUB10021,2022-09-25,49.0,4.9,0.0,44.1,Recurring
REV100731,CUST1043,SUB10021,2022-10-25,49.0,2.45,0.0,46.55,Recurring
REV100732,CUST1043,SUB10021,2022-11-25,49.0,0.0,0.0,49.0,Recurring
REV100733,CUST1043,SUB10021,2022-12-25,49.0,0.0,0.0,49.0,Recurring
REV100734,CUST1043,SUB10021,2023-01-25,49.0,0.0,0.0,49.0,Recurring
REV100735,CUST1043,SUB10021,2023-02-25,49.0,2.45,0.0,46.55,Recurring
REV100736,CUST1043,SUB10021,2023-03-25,49.0,2.45,0.0,46.55,Recurring
REV100737,CUST1043,SUB10021,2023-04-25,49.0,0.0,0.0,49.0,Recurring
REV100738,CUST1043,SUB10021,2023-05-25,49.0,2.45,0.0,46.55,Recurring
REV100739,CUST1043,SUB10021,2023-06-25,49.0,2.45,0.0,46.55,Recurring
REV100740,CUST1043,SUB10021,2023-07-25,49.0,2.45,0.0,46.55,Recurring
REV100741,CUST1043,SUB10021,2023-08-25,49.0,4.9,0.0,44.1,Recurring
REV100742,CUST1043,SUB10021,2023-09-25,49.0,0.0,0.0,49.0,Recurring
REV100743,CUST1043,SUB10021,2023-10-25,49.0,4.9,0.0,44.1,Recurring
REV100744,CUST1043,SUB10021,2023-11-25,49.0,0.0,0.0,49.0,Recurring
REV100745,CUST1043,SUB10021,2023-12-25,49.0,0.0,0.0,49.0,Recurring
REV100746,CUST1043,SUB10021,2024-01-25,49.0,0.0,0.0,49.0,Recurring
REV100747,CUST1043,SUB10021,2024-02-25,49.0,2.45,0.0,46.55,Recurring
REV100748,CUST1043,SUB10021,2024-03-25,49.0,4.9,0.0,44.1,Recurring
REV100749,CUST1043,SUB10021,2024-04-25,49.0,2.45,0.0,46.55,Recurring
REV100750,CUST1043,SUB10021,2024-05-25,49.0,0.0,0.0,49.0,Recurring
REV100751,CUST1043,SUB10021,2024-06-25,49.0,0.0,0.0,49.0,Recurring
REV100752,CUST1043,SUB10021,2024-07-25,49.0,0.0,0.0,49.0,Recurring
REV100753,CUST1043,SUB10021,2024-08-25,49.0,2.45,0.0,46.55,Recurring
REV100754,CUST1043,SUB10021,2024-09-25,49.0,0.0,0.0,49.0,Recurring
REV100755,CUST1043,SUB10021,2024-10-25,49.0,0.0,0.0,49.0,Recurring
REV100756,CUST1043,SUB10021,2024-11-25,49.0,0.0,0.0,49.0,Recurring
REV100757,CUST1043,SUB10021,2024-12-25,49.0,0.0,0.0,49.0,Recurring
REV100758,CUST1043,SUB10021,2025-01-25,49.0,0.0,0.0,49.0,Recurring
REV100759,CUST1043,SUB10021,2025-02-25,49.0,0.0,0.0,49.0,Recurring
REV100760,CUST1043,SUB10021,2025-03-25,49.0,0.0,0.0,49.0,Recurring
REV100761,CUST1043,SUB10021,2025-04-25,49.0,0.0,0.0,49.0,Recurring
REV100762,CUST1043,SUB10021,2025-05-25,49.0,4.9,0.0,44.1,Recurring
REV100763,CUST1043,SUB10021,2025-06-25,49.0,4.9,0.0,44.1,Recurring
REV100764,CUST1043,SUB10021,2025-07-25,49.0,0.0,0.0,49.0,Recurring
REV100765,CUST1043,SUB10021,2025-08-25,49.0,0.0,0.0,49.0,Recurring
REV100766,CUST1043,SUB10021,2025-09-25,49.0,4.9,0.0,44.1,Recurring
REV100767,CUST1043,SUB10021,2025-10-25,49.0,0.0,0.0,49.0,Recurring
REV100768,CUST1043,SUB10021,2025-11-25,49.0,4.9,0.0,44.1,Recurring
REV100769,CUST1043,SUB10021,2025-12-25,49.0,0.0,0.0,49.0,Recurring
REV100770,CUST1012,SUB10022,2022-03-17,40.83,2.04,0.0,38.79,New
REV100771,CUST1012,SUB10022,2022-04-17,40.83,0.0,0.0,40.83,Recurring
REV100772,CUST1012,SUB10022,2022-05-17,40.83,2.04,0.0,38.79,Recurring
REV100773,CUST1012,SUB10022,2022-06-17,40.83,0.0,0.0,40.83,Recurring
REV100774,CUST1012,SUB10022,2022-07-17,40.83,2.04,0.0,38.79,Recurring
REV100775,CUST1012,SUB10022,2022-08-17,40.83,2.04,0.0,38.79,Recurring
REV100776,CUST1012,SUB10022,2022-09-17,40.83,4.08,0.0,36.75,Recurring
REV100777,CUST1012,SUB10022,2022-10-17,40.83,0.0,0.0,40.83,Recurring
REV100778,CUST1012,SUB10022,2022-11-17,40.83,0.0,0.0,40.83,Recurring
REV100779,CUST1012,SUB10022,2022-12-17,40.83,0.0,0.0,40.83,Recurring
REV100780,CUST1012,SUB10022,2023-01-17,40.83,2.04,0.0,38.79,Recurring
REV100781,CUST1012,SUB10022,2023-02-17,40.83,0.0,0.0,40.83,Recurring
REV100782,CUST1012,SUB10022,2023-03-17,40.83,0.0,0.0,40.83,Recurring
REV100783,CUST1012,SUB10022,2023-04-17,40.83,0.0,0.0,40.83,Recurring
REV100784,CUST1012,SUB10022,2023-05-17,40.83,0.0,0.0,40.83,Recurring
REV100785,CUST1012,SUB10022,2023-06-17,40.83,0.0,0.0,40.83,Recurring
REV100786,CUST1012,SUB10022,2023-07-17,40.83,2.04,0.0,38.79,Recurring
REV100787,CUST1012,SUB10022,2023-08-17,40.83,4.08,0.0,36.75,Recurring
REV100788,CUST1012,SUB10022,2023-09-17,40.83,0.0,0.0,40.83,Recurring
REV100789,CUST1012,SUB10022,2023-10-17,40.83,4.08,0.0,36.75,Recurring
REV100790,CUST1012,SUB10022,2023-11-17,40.83,4.08,0.0,36.75,Recurring
REV100791,CUST1012,SUB10022,2023-12-17,40.83,0.0,0.0,40.83,Recurring
REV100792,CUST1012,SUB10022,2024-01-17,40.83,0.0,0.0,40.83,Recurring
REV100793,CUST1012,SUB10022,2024-02-17,40.83,0.0,0.0,40.83,Recurring
REV100794,CUST1012,SUB10022,2024-03-17,40.83,0.0,0.0,40.83,Recurring
REV100795,CUST1012,SUB10022,2024-04-17,40.83,0.0,0.0,40.83,Recurring
REV100796,CUST1012,SUB10022,2024-05-17,40.83,2.04,0.0,38.79,Recurring
REV100797,CUST1012,SUB10022,2024-06-17,40.83,4.08,0.0,36.75,Recurring
REV100798,CUST1012,SUB10022,2024-07-17,40.83,2.04,0.0,38.79,Recurring
REV100799,CUST1012,SUB10022,2024-08-17,40.83,4.08,0.0,36.75,Recurring
REV100800,CUST1012,SUB10022,2024-09-17,40.83,0.0,0.0,40.83,Recurring
REV100801,CUST1012,SUB10022,2024-10-17,40.83,4.08,0.0,36.75,Recurring
REV100802,CUST1012,SUB10022,2024-11-17,40.83,0.0,0.0,40.83,Recurring
REV100803,CUST1012,SUB10022,2024-12-17,40.83,4.08,0.0,36.75,Recurring
REV100804,CUST1012,SUB10022,2025-01-17,40.83,2.04,0.0,38.79,Recurring
REV100805,CUST1012,SUB10022,2025-02-17,40.83,2.04,0.0,38.79,Recurring
REV100806,CUST1012,SUB10022,2025-03-17,40.83,0.0,0.0,40.83,Recurring
REV100807,CUST1012,SUB10022,2025-04-17,40.83,0.0,0.0,40.83,Recurring
REV100808,CUST1012,SUB10022,2025-05-17,40.83,0.0,0.0,40.83,Recurring
REV100809,CUST1012,SUB10022,2025-06-17,40.83,0.0,0.0,40.83,Recurring
REV100810,CUST1012,SUB10022,2025-07-17,40.83,0.0,0.0,40.83,Recurring
REV100811,CUST1012,SUB10022,2025-08-17,40.83,4.08,0.0,36.75,Recurring
REV100812,CUST1012,SUB10022,2025-09-17,40.83,2.04,0.0,38.79,Recurring
REV100813,CUST1012,SUB10022,2025-10-17,40.83,0.0,0.0,40.83,Recurring
REV100814,CUST1012,SUB10022,2025-11-17,40.83,2.04,0.0,38.79,Recurring
REV100815,CUST1012,SUB10022,2025-12-17,40.83,0.0,0.0,40.83,Recurring
REV100816,CUST1012,SUB10023,2024-04-07,124.17,0.0,0.0,124.17,New
REV100817,CUST1012,SUB10023,2024-05-07,124.17,6.21,0.0,117.96,Recurring
REV100818,CUST1012,SUB10023,2024-06-07,124.17,6.21,0.0,117.96,Recurring
REV100819,CUST1012,SUB10023,2024-07-07,124.17,0.0,0.0,124.17,Recurring
REV100820,CUST1012,SUB10024,2024-07-18,124.17,12.42,0.0,111.75,New
REV100821,CUST1012,SUB10024,2024-08-18,124.17,12.42,0.0,111.75,Recurring
REV100822,CUST1012,SUB10024,2024-09-18,124.17,0.0,0.0,124.17,Recurring
REV100823,CUST1012,SUB10024,2024-10-18,124.17,0.0,0.0,124.17,Recurring
REV100824,CUST1012,SUB10024,2024-11-18,124.17,0.0,0.0,124.17,Recurring
REV100825,CUST1012,SUB10024,2024-12-18,124.17,6.21,0.0,117.96,Recurring
REV100826,CUST1012,SUB10024,2025-01-18,124.17,0.0,0.0,124.17,Recurring
REV100827,CUST1012,SUB10024,2025-02-18,124.17,0.0,3.73,120.44,Recurring
REV100828,CUST1012,SUB10024,2025-03-18,124.17,12.42,0.0,111.75,Recurring
REV100829,CUST1012,SUB10024,2025-04-18,124.17,0.0,0.0,124.17,Recurring
REV100830,CUST1012,SUB10024,2025-05-18,124.17,12.42,0.0,111.75,Recurring
REV100831,CUST1012,SUB10024,2025-06-18,124.17,6.21,3.73,114.23,Recurring
REV100832,CUST1012,SUB10024,2025-07-18,124.17,12.42,0.0,111.75,Recurring
REV100833,CUST1012,SUB10024,2025-08-18,124.17,0.0,3.73,120.44,Recurring
REV100834,CUST1012,SUB10024,2025-09-18,124.17,0.0,0.0,124.17,Recurring
REV100835,CUST1012,SUB10024,2025-10-18,124.17,0.0,3.73,120.44,Recurring
REV100836,CUST1012,SUB10024,2025-11-18,124.17,6.21,0.0,117.96,Recurring
REV100837,CUST1012,SUB10024,2025-12-18,124.17,0.0,0.0,124.17,Recurring
REV100838,CUST1034,SUB10025,2022-04-28,399.0,0.0,0.0,399.0,New
REV100839,CUST1034,SUB10025,2022-05-28,399.0,0.0,0.0,399.0,Recurring
REV100840,CUST1034,SUB10025,2022-06-28,399.0,39.9,0.0,359.1,Recurring
REV100841,CUST1034,SUB10025,2022-07-28,399.0,0.0,0.0,399.0,Recurring
REV100842,CUST1034,SUB10025,2022-08-28,399.0,19.95,0.0,379.05,Recurring
REV100843,CUST1034,SUB10025,2022-09-28,399.0,19.95,0.0,379.05,Recurring
REV100844,CUST1034,SUB10025,2022-10-28,399.0,0.0,0.0,399.0,Recurring
REV100845,CUST1034,SUB10025,2022-11-28,399.0,0.0,0.0,399.0,Recurring
REV100846,CUST1034,SUB10025,2022-12-28,399.0,0.0,0.0,399.0,Recurring
REV100847,CUST1034,SUB10025,2023-01-28,399.0,0.0,0.0,399.0,Recurring
REV100848,CUST1034,SUB10025,2023-02-28,399.0,19.95,0.0,379.05,Recurring
REV100849,CUST1034,SUB10025,2023-03-28,399.0,19.95,0.0,379.05,Recurring
REV100850,CUST1034,SUB10025,2023-04-28,399.0,0.0,0.0,399.0,Recurring
REV100851,CUST1034,SUB10025,2023-05-28,399.0,0.0,0.0,399.0,Recurring
REV100852,CUST1034,SUB10025,2023-06-28,399.0,19.95,0.0,379.05,Recurring
REV100853,CUST1034,SUB10025,2023-07-28,399.0,0.0,0.0,399.0,Recurring
REV100854,CUST1034,SUB10025,2023-08-28,399.0,0.0,0.0,399.0,Recurring
REV100855,CUST1034,SUB10025,2023-09-28,399.0,0.0,0.0,399.0,Recurring
REV100856,CUST1034,SUB10025,2023-10-28,399.0,39.9,0.0,359.1,Recurring
REV100857,CUST1034,SUB10025,2023-11-28,399.0,0.0,0.0,399.0,Recurring
REV100858,CUST1034,SUB10025,2023-12-28,399.0,0.0,0.0,399.0,Recurring
REV100859,CUST1034,SUB10025,2024-01-28,399.0,39.9,0.0,359.1,Recurring
REV100860,CUST1034,SUB10025,2024-02-28,399.0,0.0,0.0,399.0,Recurring
REV100861,CUST1034,SUB10025,2024-03-28,399.0,0.0,11.97,387.03,Recurring
REV100862,CUST1034,SUB10025,2024-04-28,399.0,0.0,0.0,399.0,Recurring
REV100863,CUST1034,SUB10025,2024-05-28,399.0,19.95,0.0,379.05,Recurring
REV100864,CUST1034,SUB10025,2024-06-28,399.0,0.0,0.0,399.0,Recurring
REV100865,CUST1034,SUB10025,2024-07-28,399.0,0.0,0.0,399.0,Recurring
REV100866,CUST1034,SUB10025,2024-08-28,399.0,19.95,0.0,379.05,Recurring
REV100867,CUST1034,SUB10025,2024-09-28,399.0,39.9,0.0,359.1,Recurring
REV100868,CUST1034,SUB10025,2024-10-28,399.0,0.0,0.0,399.0,Recurring
REV100869,CUST1034,SUB10025,2024-11-28,399.0,0.0,0.0,399.0,Recurring
REV100870,CUST1034,SUB10025,2024-12-28,399.0,0.0,0.0,399.0,Recurring
REV100871,CUST1034,SUB10025,2025-01-28,399.0,19.95,0.0,379.05,Recurring
REV100872,CUST1034,SUB10025,2025-02-28,399.0,0.0,0.0,399.0,Recurring
REV100873,CUST1034,SUB10025,2025-03-28,399.0,39.9,0.0,359.1,Recurring
REV100874,CUST1034,SUB10025,2025-04-28,399.0,19.95,0.0,379.05,Recurring
REV100875,CUST1034,SUB10025,2025-05-28,399.0,0.0,11.97,387.03,Recurring
REV100876,CUST1034,SUB10025,2025-06-28,399.0,0.0,0.0,399.0,Recurring
REV100877,CUST1034,SUB10025,2025-07-28,399.0,19.95,0.0,379.05,Recurring
REV100878,CUST1034,SUB10025,2025-08-28,399.0,0.0,0.0,399.0,Recurring
REV100879,CUST1034,SUB10025,2025-09-28,399.0,19.95,0.0,379.05,Recurring
REV100880,CUST1034,SUB10025,2025-10-28,399.0,39.9,0.0,359.1,Recurring
REV100881,CUST1034,SUB10025,2025-11-28,399.0,0.0,0.0,399.0,Recurring
REV100882,CUST1034,SUB10025,2025-12-28,399.0,0.0,0.0,399.0,Recurring
REV100883,CUST1016,SUB10026,2022-05-28,149.0,0.0,0.0,149.0,New
REV100884,CUST1016,SUB10026,2022-06-28,149.0,0.0,0.0,149.0,Recurring
REV100885,CUST1016,SUB10026,2022-07-28,149.0,0.0,0.0,149.0,Recurring
REV100886,CUST1016,SUB10026,2022-08-28,149.0,0.0,0.0,149.0,Recurring
REV100887,CUST1016,SUB10026,2022-09-28,149.0,0.0,4.47,144.53,Recurring
REV100888,CUST1016,SUB10026,2022-10-28,149.0,0.0,0.0,149.0,Recurring
REV100889,CUST1016,SUB10026,2022-11-28,149.0,0.0,0.0,149.0,Recurring
REV100890,CUST1016,SUB10026,2022-12-28,149.0,0.0,0.0,149.0,Recurring
REV100891,CUST1016,SUB10026,2023-01-28,149.0,7.45,0.0,141.55,Recurring
REV100892,CUST1016,SUB10026,2023-02-28,149.0,14.9,0.0,134.1,Recurring
REV100893,CUST1016,SUB10026,2023-03-28,149.0,0.0,0.0,149.0,Recurring
REV100894,CUST1016,SUB10026,2023-04-28,149.0,14.9,0.0,134.1,Recurring
REV100895,CUST1016,SUB10026,2023-05-28,149.0,14.9,0.0,134.1,Recurring
REV100896,CUST1016,SUB10027,2023-06-24,399.0,19.95,11.97,367.08,New
REV100897,CUST1016,SUB10027,2023-07-24,399.0,19.95,0.0,379.05,Recurring
REV100898,CUST1016,SUB10027,2023-08-24,399.0,0.0,0.0,399.0,Recurring
REV100899,CUST1016,SUB10027,2023-09-24,399.0,39.9,0.0,359.1,Recurring
REV100900,CUST1016,SUB10027,2023-10-24,399.0,0.0,0.0,399.0,Recurring
REV100901,CUST1016,SUB10027,2023-11-24,399.0,0.0,0.0,399.0,Recurring
REV100902,CUST1016,SUB10027,2023-12-24,399.0,0.0,0.0,399.0,Recurring
REV100903,CUST1016,SUB10027,2024-01-24,399.0,0.0,0.0,399.0,Recurring
REV100904,CUST1016,SUB10027,2024-02-24,399.0,0.0,0.0,399.0,Recurring
REV100905,CUST1016,SUB10027,2024-03-24,399.0,19.95,0.0,379.05,Recurring
REV100906,CUST1016,SUB10027,2024-04-24,399.0,0.0,0.0,399.0,Recurring
REV100907,CUST1016,SUB10027,2024-05-24,399.0,0.0,0.0,399.0,Recurring
REV100908,CUST1016,SUB10027,2024-06-24,399.0,0.0,0.0,399.0,Recurring
REV100909,CUST1016,SUB10027,2024-07-24,399.0,19.95,0.0,379.05,Recurring
REV100910,CUST1016,SUB10027,2024-08-24,399.0,0.0,0.0,399.0,Recurring
REV100911,CUST1016,SUB10027,2024-09-24,399.0,0.0,0.0,399.0,Recurring
REV100912,CUST1016,SUB10027,2024-10-24,399.0,19.95,0.0,379.05,Recurring
REV100913,CUST1016,SUB10027,2024-11-24,399.0,39.9,0.0,359.1,Recurring
REV100914,CUST1016,SUB10027,2024-12-24,399.0,0.0,0.0,399.0,Recurring
REV100915,CUST1016,SUB10027,2025-01-24,399.0,19.95,0.0,379.05,Recurring
REV100916,CUST1016,SUB10027,2025-02-24,399.0,39.9,0.0,359.1,Recurring
REV100917,CUST1016,SUB10027,2025-03-24,399.0,0.0,0.0,399.0,Recurring
REV100918,CUST1016,SUB10027,2025-04-24,399.0,0.0,0.0,399.0,Recurring
REV100919,CUST1016,SUB10027,2025-05-24,399.0,0.0,0.0,399.0,Recurring
REV100920,CUST1016,SUB10027,2025-06-24,399.0,0.0,0.0,399.0,Recurring
REV100921,CUST1016,SUB10027,2025-07-24,399.0,19.95,0.0,379.05,Recurring
REV100922,CUST1016,SUB10027,2025-08-24,399.0,0.0,0.0,399.0,Recurring
REV100923,CUST1016,SUB10027,2025-09-24,399.0,0.0,0.0,399.0,Recurring
REV100924,CUST1016,SUB10027,2025-10-24,399.0,19.95,0.0,379.05,Recurring
REV100925,CUST1016,SUB10027,2025-11-24,399.0,39.9,0.0,359.1,Recurring
REV100926,CUST1016,SUB10027,2025-12-24,399.0,39.9,0.0,359.1,Recurring
REV100927,CUST1016,SUB10028,2023-11-06,124.17,12.42,3.73,108.02,New
REV100928,CUST1016,SUB10028,2023-12-06,124.17,6.21,0.0,117.96,Recurring
REV100929,CUST1016,SUB10028,2024-01-06,124.17,0.0,0.0,124.17,Recurring
REV100930,CUST1016,SUB10028,2024-02-06,124.17,0.0,0.0,124.17,Recurring
REV100931,CUST1016,SUB10028,2024-03-06,124.17,0.0,0.0,124.17,Recurring
REV100932,CUST1016,SUB10028,2024-04-06,124.17,6.21,0.0,117.96,Recurring
REV100933,CUST1016,SUB10028,2024-05-06,124.17,0.0,0.0,124.17,Recurring
REV100934,CUST1016,SUB10028,2024-06-06,124.17,0.0,0.0,124.17,Recurring
REV100935,CUST1016,SUB10028,2024-07-06,124.17,0.0,0.0,124.17,Recurring
REV100936,CUST1016,SUB10028,2024-08-06,124.17,6.21,0.0,117.96,Recurring
REV100937,CUST1016,SUB10028,2024-09-06,124.17,12.42,0.0,111.75,Recurring
REV100938,CUST1016,SUB10028,2024-10-06,124.17,6.21,0.0,117.96,Recurring
REV100939,CUST1016,SUB10028,2024-11-06,124.17,6.21,0.0,117.96,Recurring
REV100940,CUST1016,SUB10028,2024-12-06,124.17,0.0,0.0,124.17,Recurring
REV100941,CUST1016,SUB10028,2025-01-06,124.17,12.42,0.0,111.75,Recurring
REV100942,CUST1016,SUB10028,2025-02-06,124.17,0.0,0.0,124.17,Recurring
REV100943,CUST1016,SUB10028,2025-03-06,124.17,0.0,0.0,124.17,Recurring
REV100944,CUST1016,SUB10028,2025-04-06,124.17,0.0,0.0,124.17,Recurring
REV100945,CUST1016,SUB10028,2025-05-06,124.17,12.42,0.0,111.75,Recurring
REV100946,CUST1016,SUB10028,2025-06-06,124.17,6.21,0.0,117.96,Recurring
REV100947,CUST1016,SUB10028,2025-07-06,124.17,0.0,0.0,124.17,Recurring
REV100948,CUST1016,SUB10028,2025-08-06,124.17,6.21,0.0,117.96,Recurring
REV100949,CUST1016,SUB10028,2025-09-06,124.17,0.0,0.0,124.17,Recurring
REV100950,CUST1016,SUB10028,2025-10-06,124.17,12.42,0.0,111.75,Recurring
REV100951,CUST1016,SUB10028,2025-11-06,124.17,12.42,0.0,111.75,Recurring
REV100952,CUST1016,SUB10028,2025-12-06,124.17,12.42,0.0,111.75,Recurring
REV100953,CUST1040,SUB10029,2022-07-13,332.5,0.0,0.0,332.5,New
REV100954,CUST1040,SUB10029,2022-08-13,332.5,33.25,0.0,299.25,Recurring
REV100955,CUST1040,SUB10029,2022-09-13,332.5,0.0,0.0,332.5,Recurring
REV100956,CUST1040,SUB10029,2022-10-13,332.5,0.0,0.0,332.5,Recurring
REV100957,CUST1040,SUB10029,2022-11-13,332.5,0.0,0.0,332.5,Recurring
REV100958,CUST1040,SUB10029,2022-12-13,332.5,0.0,0.0,332.5,Recurring
REV100959,CUST1040,SUB10029,2023-01-13,332.5,0.0,0.0,332.5,Recurring
REV100960,CUST1040,SUB10029,2023-02-13,332.5,0.0,0.0,332.5,Recurring
REV100961,CUST1040,SUB10029,2023-03-13,332.5,0.0,0.0,332.5,Recurring
REV100962,CUST1040,SUB10029,2023-04-13,332.5,0.0,0.0,332.5,Recurring
REV100963,CUST1040,SUB10029,2023-05-13,332.5,16.62,0.0,315.88,Recurring
REV100964,CUST1040,SUB10029,2023-06-13,332.5,16.62,0.0,315.88,Recurring
REV100965,CUST1040,SUB10029,2023-07-13,332.5,0.0,0.0,332.5,Recurring
REV100966,CUST1040,SUB10029,2023-08-13,332.5,0.0,9.97,322.53,Recurring
REV100967,CUST1040,SUB10029,2023-09-13,332.5,0.0,0.0,332.5,Recurring
REV100968,CUST1040,SUB10029,2023-10-13,332.5,0.0,0.0,332.5,Recurring
REV100969,CUST1040,SUB10029,2023-11-13,332.5,0.0,0.0,332.5,Recurring
REV100970,CUST1040,SUB10029,2023-12-13,332.5,33.25,0.0,299.25,Recurring
REV100971,CUST1040,SUB10029,2024-01-13,332.5,33.25,0.0,299.25,Recurring
REV100972,CUST1040,SUB10029,2024-02-13,332.5,16.62,0.0,315.88,Recurring
REV100973,CUST1040,SUB10029,2024-03-13,332.5,16.62,0.0,315.88,Recurring
REV100974,CUST1040,SUB10029,2024-04-13,332.5,0.0,0.0,332.5,Recurring
REV100975,CUST1040,SUB10029,2024-05-13,332.5,16.62,0.0,315.88,Recurring
REV100976,CUST1040,SUB10029,2024-06-13,332.5,33.25,0.0,299.25,Recurring
REV100977,CUST1040,SUB10029,2024-07-13,332.5,16.62,0.0,315.88,Recurring
REV100978,CUST1040,SUB10029,2024-08-13,332.5,16.62,9.97,305.91,Recurring
REV100979,CUST1040,SUB10029,2024-09-13,332.5,0.0,0.0,332.5,Recurring
REV100980,CUST1040,SUB10029,2024-10-13,332.5,0.0,0.0,332.5,Recurring
REV100981,CUST1040,SUB10029,2024-11-13,332.5,33.25,0.0,299.25,Recurring
REV100982,CUST1040,SUB10029,2024-12-13,332.5,0.0,0.0,332.5,Recurring
REV100983,CUST1040,SUB10029,2025-01-13,332.5,0.0,0.0,332.5,Recurring
REV100984,CUST1040,SUB10029,2025-02-13,332.5,16.62,0.0,315.88,Recurring
REV100985,CUST1040,SUB10029,2025-03-13,332.5,0.0,0.0,332.5,Recurring
REV100986,CUST1040,SUB10029,2025-04-13,332.5,33.25,0.0,299.25,Recurring
REV100987,CUST1040,SUB10029,2025-05-13,332.5,0.0,0.0,332.5,Recurring
REV100988,CUST1040,SUB10029,2025-06-13,332.5,16.62,0.0,315.88,Recurring
REV100989,CUST1040,SUB10029,2025-07-13,332.5,0.0,0.0,332.5,Recurring
REV100990,CUST1040,SUB10029,2025-08-13,332.5,33.25,0.0,299.25,Recurring
REV100991,CUST1040,SUB10029,2025-09-13,332.5,0.0,0.0,332.5,Recurring
REV100992,CUST1040,SUB10029,2025-10-13,332.5,0.0,0.0,332.5,Recurring
REV100993,CUST1040,SUB10029,2025-11-13,332.5,0.0,0.0,332.5,Recurring
REV100994,CUST1040,SUB10029,2025-12-13,332.5,0.0,0.0,332.5,Recurring
REV100995,CUST1011,SUB10030,2022-08-04,999.0,49.95,0.0,949.05,New
REV100996,CUST1011,SUB10030,2022-09-04,999.0,99.9,0.0,899.1,Recurring
REV100997,CUST1011,SUB10030,2022-10-04,999.0,0.0,0.0,999.0,Recurring
REV100998,CUST1011,SUB10030,2022-11-04,999.0,99.9,0.0,899.1,Recurring
REV100999,CUST1011,SUB10030,2022-12-04,999.0,0.0,0.0,999.0,Recurring
REV101000,CUST1011,SUB10030,2023-01-04,999.0,49.95,0.0,949.05,Recurring
REV101001,CUST1011,SUB10030,2023-02-04,999.0,0.0,0.0,999.0,Recurring
REV101002,CUST1011,SUB10030,2023-03-04,999.0,49.95,0.0,949.05,Recurring
REV101003,CUST1011,SUB10030,2023-04-04,999.0,0.0,0.0,999.0,Recurring
REV101004,CUST1011,SUB10030,2023-05-04,999.0,49.95,0.0,949.05,Recurring
REV101005,CUST1011,SUB10030,2023-06-04,999.0,49.95,0.0,949.05,Recurring
REV101006,CUST1011,SUB10030,2023-07-04,999.0,99.9,0.0,899.1,Recurring
REV101007,CUST1011,SUB10030,2023-08-04,999.0,49.95,0.0,949.05,Recurring
REV101008,CUST1011,SUB10030,2023-09-04,999.0,49.95,0.0,949.05,Recurring
REV101009,CUST1011,SUB10030,2023-10-04,999.0,49.95,0.0,949.05,Recurring
REV101010,CUST1011,SUB10030,2023-11-04,999.0,0.0,0.0,999.0,Recurring
REV101011,CUST1011,SUB10030,2023-12-04,999.0,0.0,0.0,999.0,Recurring
REV101012,CUST1011,SUB10030,2024-01-04,999.0,0.0,0.0,999.0,Recurring
REV101013,CUST1011,SUB10030,2024-02-04,999.0,0.0,0.0,999.0,Recurring
REV101014,CUST1011,SUB10030,2024-03-04,999.0,49.95,0.0,949.05,Recurring
REV101015,CUST1011,SUB10030,2024-04-04,999.0,49.95,0.0,949.05,Recurring
REV101016,CUST1011,SUB10030,2024-05-04,999.0,0.0,0.0,999.0,Recurring
REV101017,CUST1011,SUB10030,2024-06-04,999.0,0.0,0.0,999.0,Recurring
REV101018,CUST1011,SUB10030,2024-07-04,999.0,0.0,0.0,999.0,Recurring
REV101019,CUST1011,SUB10030,2024-08-04,999.0,0.0,0.0,999.0,Recurring
REV101020,CUST1011,SUB10030,2024-09-04,999.0,49.95,0.0,949.05,Recurring
REV101021,CUST1011,SUB10030,2024-10-04,999.0,49.95,0.0,949.05,Recurring
REV101022,CUST1011,SUB10030,2024-11-04,999.0,0.0,0.0,999.0,Recurring
REV101023,CUST1011,SUB10030,2024-12-04,999.0,0.0,0.0,999.0,Recurring
REV101024,CUST1011,SUB10030,2025-01-04,999.0,0.0,0.0,999.0,Recurring
REV101025,CUST1011,SUB10030,2025-02-04,999.0,0.0,0.0,999.0,Recurring
REV101026,CUST1011,SUB10030,2025-03-04,999.0,0.0,0.0,999.0,Recurring
REV101027,CUST1011,SUB10030,2025-04-04,999.0,0.0,0.0,999.0,Recurring
REV101028,CUST1011,SUB10030,2025-05-04,999.0,99.9,0.0,899.1,Recurring
REV101029,CUST1011,SUB10030,2025-06-04,999.0,99.9,0.0,899.1,Recurring
REV101030,CUST1011,SUB10030,2025-07-04,999.0,0.0,0.0,999.0,Recurring
REV101031,CUST1011,SUB10030,2025-08-04,999.0,0.0,0.0,999.0,Recurring
REV101032,CUST1011,SUB10030,2025-09-04,999.0,0.0,0.0,999.0,Recurring
REV101033,CUST1011,SUB10030,2025-10-04,999.0,99.9,0.0,899.1,Recurring
REV101034,CUST1011,SUB10030,2025-11-04,999.0,99.9,0.0,899.1,Recurring
REV101035,CUST1011,SUB10030,2025-12-04,999.0,0.0,0.0,999.0,Recurring
REV101036,CUST1011,SUB10031,2024-03-01,399.0,0.0,0.0,399.0,New
REV101037,CUST1011,SUB10031,2024-04-01,399.0,39.9,0.0,359.1,Recurring
REV101038,CUST1011,SUB10031,2024-05-01,399.0,0.0,0.0,399.0,Recurring
REV101039,CUST1011,SUB10031,2024-06-01,399.0,19.95,0.0,379.05,Recurring
REV101040,CUST1011,SUB10031,2024-07-01,399.0,0.0,0.0,399.0,Recurring
REV101041,CUST1011,SUB10031,2024-08-01,399.0,0.0,0.0,399.0,Recurring
REV101042,CUST1011,SUB10031,2024-09-01,399.0,0.0,0.0,399.0,Recurring
REV101043,CUST1011,SUB10031,2024-10-01,399.0,0.0,0.0,399.0,Recurring
REV101044,CUST1011,SUB10031,2024-11-01,399.0,19.95,0.0,379.05,Recurring
REV101045,CUST1011,SUB10031,2024-12-01,399.0,39.9,0.0,359.1,Recurring
REV101046,CUST1011,SUB10031,2025-01-01,399.0,19.95,0.0,379.05,Recurring
REV101047,CUST1011,SUB10031,2025-02-01,399.0,0.0,0.0,399.0,Recurring
REV101048,CUST1011,SUB10031,2025-03-01,399.0,0.0,0.0,399.0,Recurring
REV101049,CUST1011,SUB10031,2025-04-01,399.0,0.0,0.0,399.0,Recurring
REV101050,CUST1011,SUB10031,2025-05-01,399.0,0.0,0.0,399.0,Recurring
REV101051,CUST1011,SUB10031,2025-06-01,399.0,19.95,0.0,379.05,Recurring
REV101052,CUST1011,SUB10031,2025-07-01,399.0,0.0,0.0,399.0,Recurring
REV101053,CUST1011,SUB10031,2025-08-01,399.0,0.0,0.0,399.0,Recurring
REV101054,CUST1011,SUB10031,2025-09-01,399.0,19.95,0.0,379.05,Recurring
REV101055,CUST1011,SUB10031,2025-10-01,399.0,0.0,0.0,399.0,Recurring
REV101056,CUST1011,SUB10031,2025-11-01,399.0,39.9,0.0,359.1,Recurring
REV101057,CUST1011,SUB10031,2025-12-01,399.0,19.95,0.0,379.05,Recurring
REV101058,CUST1017,SUB10032,2022-07-10,332.5,16.62,0.0,315.88,New
REV101059,CUST1017,SUB10032,2022-08-10,332.5,0.0,0.0,332.5,Recurring
REV101060,CUST1017,SUB10032,2022-09-10,332.5,33.25,0.0,299.25,Recurring
REV101061,CUST1017,SUB10032,2022-10-10,332.5,16.62,0.0,315.88,Recurring
REV101062,CUST1017,SUB10032,2022-11-10,332.5,0.0,0.0,332.5,Recurring
REV101063,CUST1017,SUB10032,2022-12-10,332.5,16.62,9.97,305.91,Recurring
REV101064,CUST1017,SUB10032,2023-01-10,332.5,0.0,0.0,332.5,Recurring
REV101065,CUST1017,SUB10032,2023-02-10,332.5,0.0,0.0,332.5,Recurring
REV101066,CUST1017,SUB10032,2023-03-10,332.5,16.62,0.0,315.88,Recurring
REV101067,CUST1017,SUB10032,2023-04-10,332.5,0.0,0.0,332.5,Recurring
REV101068,CUST1017,SUB10032,2023-05-10,332.5,0.0,0.0,332.5,Recurring
REV101069,CUST1017,SUB10032,2023-06-10,332.5,0.0,0.0,332.5,Recurring
REV101070,CUST1017,SUB10032,2023-07-10,332.5,0.0,0.0,332.5,Recurring
REV101071,CUST1017,SUB10032,2023-08-10,332.5,0.0,0.0,332.5,Recurring
REV101072,CUST1017,SUB10032,2023-09-10,332.5,0.0,0.0,332.5,Recurring
REV101073,CUST1017,SUB10032,2023-10-10,332.5,0.0,0.0,332.5,Recurring
REV101074,CUST1017,SUB10032,2023-11-10,332.5,0.0,0.0,332.5,Recurring
REV101075,CUST1017,SUB10032,2023-12-10,332.5,0.0,0.0,332.5,Recurring
REV101076,CUST1017,SUB10032,2024-01-10,332.5,0.0,0.0,332.5,Recurring
REV101077,CUST1017,SUB10032,2024-02-10,332.5,0.0,0.0,332.5,Recurring
REV101078,CUST1017,SUB10032,2024-03-10,332.5,0.0,0.0,332.5,Recurring
REV101079,CUST1017,SUB10032,2024-04-10,332.5,16.62,9.97,305.91,Recurring
REV101080,CUST1017,SUB10032,2024-05-10,332.5,0.0,0.0,332.5,Recurring
REV101081,CUST1017,SUB10032,2024-06-10,332.5,16.62,0.0,315.88,Recurring
REV101082,CUST1017,SUB10032,2024-07-10,332.5,16.62,0.0,315.88,Recurring
REV101083,CUST1017,SUB10032,2024-08-10,332.5,16.62,0.0,315.88,Recurring
REV101084,CUST1017,SUB10032,2024-09-10,332.5,0.0,0.0,332.5,Recurring
REV101085,CUST1017,SUB10032,2024-10-10,332.5,0.0,0.0,332.5,Recurring
REV101086,CUST1017,SUB10032,2024-11-10,332.5,0.0,0.0,332.5,Recurring
REV101087,CUST1017,SUB10032,2024-12-10,332.5,0.0,0.0,332.5,Recurring
REV101088,CUST1017,SUB10032,2025-01-10,332.5,0.0,0.0,332.5,Recurring
REV101089,CUST1017,SUB10032,2025-02-10,332.5,33.25,9.97,289.28,Recurring
REV101090,CUST1017,SUB10032,2025-03-10,332.5,0.0,0.0,332.5,Recurring
REV101091,CUST1017,SUB10032,2025-04-10,332.5,0.0,0.0,332.5,Recurring
REV101092,CUST1017,SUB10032,2025-05-10,332.5,0.0,0.0,332.5,Recurring
REV101093,CUST1017,SUB10032,2025-06-10,332.5,33.25,0.0,299.25,Recurring
REV101094,CUST1017,SUB10032,2025-07-10,332.5,0.0,0.0,332.5,Recurring
REV101095,CUST1017,SUB10032,2025-08-10,332.5,0.0,0.0,332.5,Recurring
REV101096,CUST1017,SUB10032,2025-09-10,332.5,0.0,0.0,332.5,Recurring
REV101097,CUST1017,SUB10032,2025-10-10,332.5,16.62,0.0,315.88,Recurring
REV101098,CUST1017,SUB10032,2025-11-10,332.5,16.62,0.0,315.88,Recurring
REV101099,CUST1017,SUB10032,2025-12-10,332.5,0.0,0.0,332.5,Recurring
REV101100,CUST1036,SUB10033,2022-08-24,49.0,0.0,0.0,49.0,New
REV101101,CUST1036,SUB10033,2022-09-24,49.0,4.9,0.0,44.1,Recurring
REV101102,CUST1036,SUB10033,2022-10-24,49.0,4.9,0.0,44.1,Recurring
REV101103,CUST1036,SUB10033,2022-11-24,49.0,0.0,0.0,49.0,Recurring
REV101104,CUST1036,SUB10033,2022-12-24,49.0,0.0,0.0,49.0,Recurring
REV101105,CUST1036,SUB10033,2023-01-24,49.0,4.9,0.0,44.1,Recurring
REV101106,CUST1036,SUB10033,2023-02-24,49.0,2.45,0.0,46.55,Recurring
REV101107,CUST1036,SUB10033,2023-03-24,49.0,0.0,0.0,49.0,Recurring
REV101108,CUST1036,SUB10033,2023-04-24,49.0,0.0,0.0,49.0,Recurring
REV101109,CUST1036,SUB10033,2023-05-24,49.0,0.0,0.0,49.0,Recurring
REV101110,CUST1036,SUB10033,2023-06-24,49.0,4.9,0.0,44.1,Recurring
REV101111,CUST1036,SUB10033,2023-07-24,49.0,0.0,0.0,49.0,Recurring
REV101112,CUST1036,SUB10033,2023-08-24,49.0,0.0,0.0,49.0,Recurring
REV101113,CUST1036,SUB10033,2023-09-24,49.0,4.9,0.0,44.1,Recurring
REV101114,CUST1036,SUB10033,2023-10-24,49.0,4.9,0.0,44.1,Recurring
REV101115,CUST1036,SUB10033,2023-11-24,49.0,2.45,0.0,46.55,Recurring
REV101116,CUST1036,SUB10033,2023-12-24,49.0,0.0,1.47,47.53,Recurring
REV101117,CUST1036,SUB10033,2024-01-24,49.0,0.0,1.47,47.53,Recurring
REV101118,CUST1036,SUB10033,2024-02-24,49.0,0.0,0.0,49.0,Recurring
REV101119,CUST1036,SUB10033,2024-03-24,49.0,0.0,0.0,49.0,Recurring
REV101120,CUST1036,SUB10033,2024-04-24,49.0,2.45,0.0,46.55,Recurring
REV101121,CUST1036,SUB10033,2024-05-24,49.0,4.9,0.0,44.1,Recurring
REV101122,CUST1036,SUB10033,2024-06-24,49.0,2.45,0.0,46.55,Recurring
REV101123,CUST1036,SUB10033,2024-07-24,49.0,0.0,0.0,49.0,Recurring
REV101124,CUST1036,SUB10033,2024-08-24,49.0,4.9,0.0,44.1,Recurring
REV101125,CUST1036,SUB10033,2024-09-24,49.0,0.0,0.0,49.0,Recurring
REV101126,CUST1036,SUB10033,2024-10-24,49.0,0.0,0.0,49.0,Recurring
REV101127,CUST1036,SUB10033,2024-11-24,49.0,0.0,0.0,49.0,Recurring
REV101128,CUST1036,SUB10033,2024-12-24,49.0,0.0,0.0,49.0,Recurring
REV101129,CUST1036,SUB10033,2025-01-24,49.0,2.45,0.0,46.55,Recurring
REV101130,CUST1036,SUB10033,2025-02-24,49.0,0.0,0.0,49.0,Recurring
REV101131,CUST1036,SUB10033,2025-03-24,49.0,2.45,0.0,46.55,Recurring
REV101132,CUST1036,SUB10033,2025-04-24,49.0,0.0,0.0,49.0,Recurring
REV101133,CUST1036,SUB10033,2025-05-24,49.0,0.0,0.0,49.0,Recurring
REV101134,CUST1036,SUB10033,2025-06-24,49.0,0.0,0.0,49.0,Recurring
REV101135,CUST1036,SUB10033,2025-07-24,49.0,4.9,0.0,44.1,Recurring
REV101136,CUST1036,SUB10033,2025-08-24,49.0,0.0,0.0,49.0,Recurring
REV101137,CUST1036,SUB10033,2025-09-24,49.0,0.0,0.0,49.0,Recurring
REV101138,CUST1036,SUB10033,2025-10-24,49.0,0.0,0.0,49.0,Recurring
REV101139,CUST1036,SUB10033,2025-11-24,49.0,0.0,0.0,49.0,Recurring
REV101140,CUST1036,SUB10033,2025-12-24,49.0,0.0,0.0,49.0,Recurring
REV101141,CUST1042,SUB10034,2022-09-29,399.0,0.0,0.0,399.0,New
REV101142,CUST1042,SUB10034,2022-10-29,399.0,0.0,0.0,399.0,Recurring
REV101143,CUST1042,SUB10034,2022-11-29,399.0,0.0,0.0,399.0,Recurring
REV101144,CUST1042,SUB10034,2022-12-29,399.0,0.0,0.0,399.0,Recurring
REV101145,CUST1057,SUB10035,2022-10-14,399.0,19.95,0.0,379.05,New
REV101146,CUST1057,SUB10035,2022-11-14,399.0,0.0,0.0,399.0,Recurring
REV101147,CUST1057,SUB10035,2022-12-14,399.0,39.9,0.0,359.1,Recurring
REV101148,CUST1057,SUB10035,2023-01-14,399.0,19.95,0.0,379.05,Recurring
REV101149,CUST1057,SUB10035,2023-02-14,399.0,0.0,0.0,399.0,Recurring
REV101150,CUST1057,SUB10035,2023-03-14,399.0,39.9,0.0,359.1,Recurring
REV101151,CUST1057,SUB10035,2023-04-14,399.0,0.0,0.0,399.0,Recurring
REV101152,CUST1057,SUB10035,2023-05-14,399.0,0.0,0.0,399.0,Recurring
REV101153,CUST1057,SUB10035,2023-06-14,399.0,0.0,0.0,399.0,Recurring
REV101154,CUST1057,SUB10035,2023-07-14,399.0,39.9,11.97,347.13,Recurring
REV101155,CUST1057,SUB10035,2023-08-14,399.0,0.0,0.0,399.0,Recurring
REV101156,CUST1057,SUB10035,2023-09-14,399.0,19.95,0.0,379.05,Recurring
REV101157,CUST1057,SUB10035,2023-10-14,399.0,0.0,0.0,399.0,Recurring
REV101158,CUST1057,SUB10035,2023-11-14,399.0,0.0,0.0,399.0,Recurring
REV101159,CUST1057,SUB10035,2023-12-14,399.0,19.95,0.0,379.05,Recurring
REV101160,CUST1057,SUB10035,2024-01-14,399.0,0.0,0.0,399.0,Recurring
REV101161,CUST1057,SUB10035,2024-02-14,399.0,0.0,0.0,399.0,Recurring
REV101162,CUST1057,SUB10035,2024-03-14,399.0,0.0,0.0,399.0,Recurring
REV101163,CUST1057,SUB10035,2024-04-14,399.0,0.0,0.0,399.0,Recurring
REV101164,CUST1057,SUB10035,2024-05-14,399.0,0.0,0.0,399.0,Recurring
REV101165,CUST1057,SUB10035,2024-06-14,399.0,39.9,0.0,359.1,Recurring
REV101166,CUST1057,SUB10035,2024-07-14,399.0,19.95,0.0,379.05,Recurring
REV101167,CUST1057,SUB10035,2024-08-14,399.0,19.95,0.0,379.05,Recurring
REV101168,CUST1057,SUB10035,2024-09-14,399.0,0.0,0.0,399.0,Recurring
REV101169,CUST1057,SUB10035,2024-10-14,399.0,39.9,0.0,359.1,Recurring
REV101170,CUST1057,SUB10035,2024-11-14,399.0,0.0,0.0,399.0,Recurring
REV101171,CUST1057,SUB10035,2024-12-14,399.0,39.9,0.0,359.1,Recurring
REV101172,CUST1057,SUB10035,2025-01-14,399.0,39.9,0.0,359.1,Recurring
REV101173,CUST1057,SUB10035,2025-02-14,399.0,0.0,0.0,399.0,Recurring
REV101174,CUST1057,SUB10035,2025-03-14,399.0,19.95,0.0,379.05,Recurring
REV101175,CUST1057,SUB10035,2025-04-14,399.0,0.0,0.0,399.0,Recurring
REV101176,CUST1057,SUB10035,2025-05-14,399.0,39.9,0.0,359.1,Recurring
REV101177,CUST1057,SUB10035,2025-06-14,399.0,0.0,0.0,399.0,Recurring
REV101178,CUST1057,SUB10035,2025-07-14,399.0,19.95,11.97,367.08,Recurring
REV101179,CUST1057,SUB10035,2025-08-14,399.0,39.9,0.0,359.1,Recurring
REV101180,CUST1057,SUB10035,2025-09-14,399.0,0.0,0.0,399.0,Recurring
REV101181,CUST1057,SUB10035,2025-10-14,399.0,0.0,0.0,399.0,Recurring
REV101182,CUST1057,SUB10035,2025-11-14,399.0,19.95,0.0,379.05,Recurring
REV101183,CUST1057,SUB10035,2025-12-14,399.0,0.0,0.0,399.0,Recurring
REV101184,CUST1022,SUB10036,2022-10-09,399.0,39.9,0.0,359.1,New
REV101185,CUST1022,SUB10036,2022-11-09,399.0,19.95,0.0,379.05,Recurring
REV101186,CUST1022,SUB10036,2022-12-09,399.0,0.0,0.0,399.0,Recurring
REV101187,CUST1022,SUB10036,2023-01-09,399.0,0.0,0.0,399.0,Recurring
REV101188,CUST1022,SUB10036,2023-02-09,399.0,0.0,0.0,399.0,Recurring
REV101189,CUST1022,SUB10036,2023-03-09,399.0,0.0,0.0,399.0,Recurring
REV101190,CUST1022,SUB10036,2023-04-09,399.0,39.9,0.0,359.1,Recurring
REV101191,CUST1022,SUB10036,2023-05-09,399.0,0.0,0.0,399.0,Recurring
REV101192,CUST1022,SUB10036,2023-06-09,399.0,0.0,0.0,399.0,Recurring
REV101193,CUST1022,SUB10036,2023-07-09,399.0,39.9,0.0,359.1,Recurring
REV101194,CUST1022,SUB10036,2023-08-09,399.0,19.95,0.0,379.05,Recurring
REV101195,CUST1022,SUB10036,2023-09-09,399.0,39.9,0.0,359.1,Recurring
REV101196,CUST1022,SUB10036,2023-10-09,399.0,0.0,0.0,399.0,Recurring
REV101197,CUST1022,SUB10036,2023-11-09,399.0,0.0,0.0,399.0,Recurring
REV101198,CUST1022,SUB10036,2023-12-09,399.0,19.95,0.0,379.05,Recurring
REV101199,CUST1022,SUB10036,2024-01-09,399.0,0.0,0.0,399.0,Recurring
REV101200,CUST1022,SUB10036,2024-02-09,399.0,0.0,0.0,399.0,Recurring
REV101201,CUST1022,SUB10036,2024-03-09,399.0,0.0,0.0,399.0,Recurring
REV101202,CUST1022,SUB10036,2024-04-09,399.0,39.9,0.0,359.1,Recurring
REV101203,CUST1022,SUB10036,2024-05-09,399.0,0.0,0.0,399.0,Recurring
REV101204,CUST1022,SUB10036,2024-06-09,399.0,19.95,0.0,379.05,Recurring
REV101205,CUST1022,SUB10036,2024-07-09,399.0,0.0,0.0,399.0,Recurring
REV101206,CUST1022,SUB10036,2024-08-09,399.0,0.0,0.0,399.0,Recurring
REV101207,CUST1022,SUB10036,2024-09-09,399.0,19.95,0.0,379.05,Recurring
REV101208,CUST1022,SUB10036,2024-10-09,399.0,0.0,0.0,399.0,Recurring
REV101209,CUST1022,SUB10036,2024-11-09,399.0,0.0,0.0,399.0,Recurring
REV101210,CUST1022,SUB10036,2024-12-09,399.0,39.9,0.0,359.1,Recurring
REV101211,CUST1022,SUB10036,2025-01-09,399.0,0.0,0.0,399.0,Recurring
REV101212,CUST1022,SUB10036,2025-02-09,399.0,0.0,0.0,399.0,Recurring
REV101213,CUST1022,SUB10036,2025-03-09,399.0,19.95,0.0,379.05,Recurring
REV101214,CUST1022,SUB10036,2025-04-09,399.0,0.0,0.0,399.0,Recurring
REV101215,CUST1022,SUB10036,2025-05-09,399.0,0.0,0.0,399.0,Recurring
REV101216,CUST1022,SUB10036,2025-06-09,399.0,19.95,0.0,379.05,Recurring
REV101217,CUST1022,SUB10036,2025-07-09,399.0,39.9,0.0,359.1,Recurring
REV101218,CUST1022,SUB10036,2025-08-09,399.0,0.0,0.0,399.0,Recurring
REV101219,CUST1022,SUB10036,2025-09-09,399.0,0.0,0.0,399.0,Recurring
REV101220,CUST1022,SUB10036,2025-10-09,399.0,0.0,0.0,399.0,Recurring
REV101221,CUST1022,SUB10036,2025-11-09,399.0,0.0,0.0,399.0,Recurring
REV101222,CUST1022,SUB10036,2025-12-09,399.0,0.0,0.0,399.0,Recurring
REV101223,CUST1048,SUB10037,2022-09-22,999.0,49.95,0.0,949.05,New
REV101224,CUST1048,SUB10037,2022-10-22,999.0,0.0,0.0,999.0,Recurring
REV101225,CUST1048,SUB10037,2022-11-22,999.0,0.0,0.0,999.0,Recurring
REV101226,CUST1048,SUB10037,2022-12-22,999.0,0.0,29.97,969.03,Recurring
REV101227,CUST1048,SUB10037,2023-01-22,999.0,0.0,0.0,999.0,Recurring
REV101228,CUST1048,SUB10037,2023-02-22,999.0,49.95,0.0,949.05,Recurring
REV101229,CUST1048,SUB10037,2023-03-22,999.0,0.0,0.0,999.0,Recurring
REV101230,CUST1048,SUB10038,2023-05-01,832.5,0.0,0.0,832.5,New
REV101231,CUST1048,SUB10038,2023-06-01,832.5,41.62,0.0,790.88,Recurring
REV101232,CUST1048,SUB10038,2023-07-01,832.5,83.25,0.0,749.25,Recurring
REV101233,CUST1048,SUB10038,2023-08-01,832.5,41.62,0.0,790.88,Recurring
REV101234,CUST1048,SUB10038,2023-09-01,832.5,41.62,0.0,790.88,Recurring
REV101235,CUST1048,SUB10038,2023-10-01,832.5,0.0,0.0,832.5,Recurring
REV101236,CUST1048,SUB10038,2023-11-01,832.5,0.0,0.0,832.5,Recurring
REV101237,CUST1048,SUB10038,2023-12-01,832.5,41.62,0.0,790.88,Recurring
REV101238,CUST1048,SUB10038,2024-01-01,832.5,0.0,0.0,832.5,Recurring
REV101239,CUST1048,SUB10038,2024-02-01,832.5,83.25,0.0,749.25,Recurring
REV101240,CUST1048,SUB10038,2024-03-01,832.5,0.0,0.0,832.5,Recurring
REV101241,CUST1048,SUB10038,2024-04-01,832.5,83.25,0.0,749.25,Recurring
REV101242,CUST1048,SUB10038,2024-05-01,832.5,0.0,0.0,832.5,Recurring
REV101243,CUST1048,SUB10038,2024-06-01,832.5,0.0,0.0,832.5,Recurring
REV101244,CUST1048,SUB10038,2024-07-01,832.5,83.25,0.0,749.25,Recurring
REV101245,CUST1048,SUB10038,2024-08-01,832.5,83.25,0.0,749.25,Recurring
REV101246,CUST1048,SUB10038,2024-09-01,832.5,41.62,0.0,790.88,Recurring
REV101247,CUST1048,SUB10038,2024-10-01,832.5,0.0,0.0,832.5,Recurring
REV101248,CUST1048,SUB10038,2024-11-01,832.5,41.62,0.0,790.88,Recurring
REV101249,CUST1048,SUB10038,2024-12-01,832.5,83.25,0.0,749.25,Recurring
REV101250,CUST1048,SUB10038,2025-01-01,832.5,41.62,0.0,790.88,Recurring
REV101251,CUST1048,SUB10038,2025-02-01,832.5,0.0,0.0,832.5,Recurring
REV101252,CUST1048,SUB10038,2025-03-01,832.5,0.0,24.97,807.53,Recurring
REV101253,CUST1048,SUB10038,2025-04-01,832.5,0.0,0.0,832.5,Recurring
REV101254,CUST1048,SUB10038,2025-05-01,832.5,41.62,0.0,790.88,Recurring
REV101255,CUST1048,SUB10039,2025-05-16,999.0,99.9,0.0,899.1,New
REV101256,CUST1048,SUB10039,2025-06-16,999.0,0.0,0.0,999.0,Recurring
REV101257,CUST1048,SUB10039,2025-07-16,999.0,0.0,0.0,999.0,Recurring
REV101258,CUST1048,SUB10039,2025-08-16,999.0,0.0,0.0,999.0,Recurring
REV101259,CUST1048,SUB10039,2025-09-16,999.0,0.0,0.0,999.0,Recurring
REV101260,CUST1048,SUB10039,2025-10-16,999.0,49.95,0.0,949.05,Recurring
REV101261,CUST1048,SUB10039,2025-11-16,999.0,0.0,0.0,999.0,Recurring
REV101262,CUST1048,SUB10039,2025-12-16,999.0,99.9,0.0,899.1,Recurring
REV101263,CUST1015,SUB10040,2022-10-08,49.0,0.0,0.0,49.0,New
REV101264,CUST1015,SUB10040,2022-11-08,49.0,0.0,0.0,49.0,Recurring
REV101265,CUST1015,SUB10040,2022-12-08,49.0,0.0,0.0,49.0,Recurring
REV101266,CUST1015,SUB10040,2023-01-08,49.0,4.9,0.0,44.1,Recurring
REV101267,CUST1015,SUB10040,2023-02-08,49.0,0.0,0.0,49.0,Recurring
REV101268,CUST1015,SUB10040,2023-03-08,49.0,2.45,0.0,46.55,Recurring
REV101269,CUST1015,SUB10040,2023-04-08,49.0,0.0,0.0,49.0,Recurring
REV101270,CUST1015,SUB10040,2023-05-08,49.0,0.0,0.0,49.0,Recurring
REV101271,CUST1015,SUB10040,2023-06-08,49.0,4.9,0.0,44.1,Recurring
REV101272,CUST1015,SUB10040,2023-07-08,49.0,4.9,0.0,44.1,Recurring
REV101273,CUST1015,SUB10040,2023-08-08,49.0,0.0,0.0,49.0,Recurring
REV101274,CUST1015,SUB10040,2023-09-08,49.0,0.0,0.0,49.0,Recurring
REV101275,CUST1015,SUB10040,2023-10-08,49.0,0.0,0.0,49.0,Recurring
REV101276,CUST1015,SUB10040,2023-11-08,49.0,0.0,0.0,49.0,Recurring
REV101277,CUST1015,SUB10040,2023-12-08,49.0,0.0,0.0,49.0,Recurring
REV101278,CUST1015,SUB10040,2024-01-08,49.0,0.0,0.0,49.0,Recurring
REV101279,CUST1015,SUB10040,2024-02-08,49.0,4.9,0.0,44.1,Recurring
REV101280,CUST1015,SUB10040,2024-03-08,49.0,0.0,0.0,49.0,Recurring
REV101281,CUST1015,SUB10040,2024-04-08,49.0,2.45,0.0,46.55,Recurring
REV101282,CUST1015,SUB10040,2024-05-08,49.0,0.0,0.0,49.0,Recurring
REV101283,CUST1015,SUB10040,2024-06-08,49.0,0.0,0.0,49.0,Recurring
REV101284,CUST1015,SUB10040,2024-07-08,49.0,2.45,0.0,46.55,Recurring
REV101285,CUST1015,SUB10040,2024-08-08,49.0,2.45,0.0,46.55,Recurring
REV101286,CUST1015,SUB10040,2024-09-08,49.0,0.0,0.0,49.0,Recurring
REV101287,CUST1015,SUB10040,2024-10-08,49.0,4.9,0.0,44.1,Recurring
REV101288,CUST1015,SUB10040,2024-11-08,49.0,4.9,0.0,44.1,Recurring
REV101289,CUST1015,SUB10040,2024-12-08,49.0,0.0,0.0,49.0,Recurring
REV101290,CUST1015,SUB10040,2025-01-08,49.0,0.0,0.0,49.0,Recurring
REV101291,CUST1015,SUB10040,2025-02-08,49.0,0.0,0.0,49.0,Recurring
REV101292,CUST1015,SUB10040,2025-03-08,49.0,0.0,0.0,49.0,Recurring
REV101293,CUST1015,SUB10040,2025-04-08,49.0,4.9,0.0,44.1,Recurring
REV101294,CUST1015,SUB10040,2025-05-08,49.0,4.9,0.0,44.1,Recurring
REV101295,CUST1015,SUB10040,2025-06-08,49.0,4.9,0.0,44.1,Recurring
REV101296,CUST1015,SUB10040,2025-07-08,49.0,4.9,0.0,44.1,Recurring
REV101297,CUST1015,SUB10040,2025-08-08,49.0,4.9,0.0,44.1,Recurring
REV101298,CUST1015,SUB10040,2025-09-08,49.0,2.45,0.0,46.55,Recurring
REV101299,CUST1015,SUB10040,2025-10-08,49.0,0.0,0.0,49.0,Recurring
REV101300,CUST1015,SUB10040,2025-11-08,49.0,0.0,0.0,49.0,Recurring
REV101301,CUST1015,SUB10040,2025-12-08,49.0,0.0,0.0,49.0,Recurring
REV101302,CUST1010,SUB10041,2022-11-08,124.17,0.0,0.0,124.17,New
REV101303,CUST1010,SUB10041,2022-12-08,124.17,0.0,0.0,124.17,Recurring
REV101304,CUST1010,SUB10041,2023-01-08,124.17,0.0,0.0,124.17,Recurring
REV101305,CUST1010,SUB10041,2023-02-08,124.17,0.0,0.0,124.17,Recurring
REV101306,CUST1010,SUB10041,2023-03-08,124.17,0.0,0.0,124.17,Recurring
REV101307,CUST1010,SUB10041,2023-04-08,124.17,6.21,0.0,117.96,Recurring
REV101308,CUST1010,SUB10041,2023-05-08,124.17,6.21,0.0,117.96,Recurring
REV101309,CUST1010,SUB10041,2023-06-08,124.17,6.21,0.0,117.96,Recurring
REV101310,CUST1010,SUB10041,2023-07-08,124.17,6.21,0.0,117.96,Recurring
REV101311,CUST1010,SUB10041,2023-08-08,124.17,6.21,0.0,117.96,Recurring
REV101312,CUST1010,SUB10041,2023-09-08,124.17,12.42,0.0,111.75,Recurring
REV101313,CUST1010,SUB10041,2023-10-08,124.17,0.0,0.0,124.17,Recurring
REV101314,CUST1010,SUB10041,2023-11-08,124.17,0.0,0.0,124.17,Recurring
REV101315,CUST1010,SUB10041,2023-12-08,124.17,0.0,0.0,124.17,Recurring
REV101316,CUST1010,SUB10041,2024-01-08,124.17,0.0,0.0,124.17,Recurring
REV101317,CUST1010,SUB10041,2024-02-08,124.17,0.0,0.0,124.17,Recurring
REV101318,CUST1010,SUB10041,2024-03-08,124.17,0.0,0.0,124.17,Recurring
REV101319,CUST1010,SUB10041,2024-04-08,124.17,0.0,0.0,124.17,Recurring
REV101320,CUST1010,SUB10041,2024-05-08,124.17,12.42,0.0,111.75,Recurring
REV101321,CUST1010,SUB10041,2024-06-08,124.17,0.0,0.0,124.17,Recurring
REV101322,CUST1010,SUB10041,2024-07-08,124.17,12.42,0.0,111.75,Recurring
REV101323,CUST1010,SUB10041,2024-08-08,124.17,0.0,0.0,124.17,Recurring
REV101324,CUST1010,SUB10041,2024-09-08,124.17,0.0,0.0,124.17,Recurring
REV101325,CUST1010,SUB10041,2024-10-08,124.17,6.21,0.0,117.96,Recurring
REV101326,CUST1010,SUB10041,2024-11-08,124.17,0.0,0.0,124.17,Recurring
REV101327,CUST1010,SUB10041,2024-12-08,124.17,0.0,0.0,124.17,Recurring
REV101328,CUST1010,SUB10041,2025-01-08,124.17,12.42,0.0,111.75,Recurring
REV101329,CUST1010,SUB10041,2025-02-08,124.17,12.42,0.0,111.75,Recurring
REV101330,CUST1010,SUB10041,2025-03-08,124.17,0.0,0.0,124.17,Recurring
REV101331,CUST1010,SUB10041,2025-04-08,124.17,0.0,0.0,124.17,Recurring
REV101332,CUST1010,SUB10041,2025-05-08,124.17,12.42,0.0,111.75,Recurring
REV101333,CUST1010,SUB10041,2025-06-08,124.17,6.21,0.0,117.96,Recurring
REV101334,CUST1010,SUB10041,2025-07-08,124.17,0.0,3.73,120.44,Recurring
REV101335,CUST1010,SUB10041,2025-08-08,124.17,0.0,0.0,124.17,Recurring
REV101336,CUST1010,SUB10041,2025-09-08,124.17,12.42,0.0,111.75,Recurring
REV101337,CUST1010,SUB10041,2025-10-08,124.17,0.0,3.73,120.44,Recurring
REV101338,CUST1010,SUB10041,2025-11-08,124.17,0.0,0.0,124.17,Recurring
REV101339,CUST1010,SUB10041,2025-12-08,124.17,0.0,0.0,124.17,Recurring
REV101340,CUST1024,SUB10042,2022-11-23,399.0,0.0,0.0,399.0,New
REV101341,CUST1024,SUB10042,2022-12-23,399.0,19.95,0.0,379.05,Recurring
REV101342,CUST1024,SUB10042,2023-01-23,399.0,0.0,0.0,399.0,Recurring
REV101343,CUST1024,SUB10042,2023-02-23,399.0,39.9,0.0,359.1,Recurring
REV101344,CUST1024,SUB10042,2023-03-23,399.0,0.0,0.0,399.0,Recurring
REV101345,CUST1024,SUB10042,2023-04-23,399.0,0.0,0.0,399.0,Recurring
REV101346,CUST1024,SUB10042,2023-05-23,399.0,0.0,0.0,399.0,Recurring
REV101347,CUST1024,SUB10042,2023-06-23,399.0,19.95,0.0,379.05,Recurring
REV101348,CUST1024,SUB10042,2023-07-23,399.0,0.0,0.0,399.0,Recurring
REV101349,CUST1024,SUB10042,2023-08-23,399.0,0.0,0.0,399.0,Recurring
REV101350,CUST1024,SUB10042,2023-09-23,399.0,0.0,0.0,399.0,Recurring
REV101351,CUST1024,SUB10042,2023-10-23,399.0,0.0,0.0,399.0,Recurring
REV101352,CUST1024,SUB10042,2023-11-23,399.0,19.95,0.0,379.05,Recurring
REV101353,CUST1024,SUB10042,2023-12-23,399.0,39.9,0.0,359.1,Recurring
REV101354,CUST1024,SUB10042,2024-01-23,399.0,0.0,0.0,399.0,Recurring
REV101355,CUST1024,SUB10042,2024-02-23,399.0,39.9,0.0,359.1,Recurring
REV101356,CUST1024,SUB10042,2024-03-23,399.0,39.9,0.0,359.1,Recurring
REV101357,CUST1024,SUB10042,2024-04-23,399.0,19.95,0.0,379.05,Recurring
REV101358,CUST1024,SUB10042,2024-05-23,399.0,0.0,0.0,399.0,Recurring
REV101359,CUST1024,SUB10042,2024-06-23,399.0,0.0,0.0,399.0,Recurring
REV101360,CUST1024,SUB10042,2024-07-23,399.0,0.0,0.0,399.0,Recurring
REV101361,CUST1024,SUB10042,2024-08-23,399.0,39.9,0.0,359.1,Recurring
REV101362,CUST1024,SUB10042,2024-09-23,399.0,39.9,0.0,359.1,Recurring
REV101363,CUST1024,SUB10042,2024-10-23,399.0,19.95,0.0,379.05,Recurring
REV101364,CUST1024,SUB10042,2024-11-23,399.0,0.0,0.0,399.0,Recurring
REV101365,CUST1024,SUB10042,2024-12-23,399.0,0.0,0.0,399.0,Recurring
REV101366,CUST1024,SUB10042,2025-01-23,399.0,19.95,0.0,379.05,Recurring
REV101367,CUST1024,SUB10042,2025-02-23,399.0,19.95,0.0,379.05,Recurring
REV101368,CUST1024,SUB10042,2025-03-23,399.0,0.0,0.0,399.0,Recurring
REV101369,CUST1024,SUB10042,2025-04-23,399.0,0.0,0.0,399.0,Recurring
REV101370,CUST1024,SUB10042,2025-05-23,399.0,0.0,0.0,399.0,Recurring
REV101371,CUST1024,SUB10042,2025-06-23,399.0,39.9,0.0,359.1,Recurring
REV101372,CUST1024,SUB10042,2025-07-23,399.0,0.0,0.0,399.0,Recurring
REV101373,CUST1024,SUB10042,2025-08-23,399.0,39.9,0.0,359.1,Recurring
REV101374,CUST1024,SUB10042,2025-09-23,399.0,0.0,0.0,399.0,Recurring
REV101375,CUST1024,SUB10042,2025-10-23,399.0,39.9,0.0,359.1,Recurring
REV101376,CUST1024,SUB10042,2025-11-23,399.0,19.95,0.0,379.05,Recurring
REV101377,CUST1024,SUB10042,2025-12-23,399.0,0.0,0.0,399.0,Recurring
REV101378,CUST1038,SUB10043,2023-01-29,399.0,39.9,0.0,359.1,New
REV101379,CUST1038,SUB10043,2023-02-28,399.0,0.0,0.0,399.0,Recurring
REV101380,CUST1038,SUB10043,2023-03-28,399.0,39.9,0.0,359.1,Recurring
REV101381,CUST1038,SUB10043,2023-04-28,399.0,0.0,0.0,399.0,Recurring
REV101382,CUST1038,SUB10043,2023-05-28,399.0,0.0,0.0,399.0,Recurring
REV101383,CUST1038,SUB10043,2023-06-28,399.0,0.0,0.0,399.0,Recurring
REV101384,CUST1038,SUB10043,2023-07-28,399.0,19.95,0.0,379.05,Recurring
REV101385,CUST1038,SUB10043,2023-08-28,399.0,19.95,0.0,379.05,Recurring
REV101386,CUST1038,SUB10043,2023-09-28,399.0,0.0,0.0,399.0,Recurring
REV101387,CUST1038,SUB10043,2023-10-28,399.0,39.9,0.0,359.1,Recurring
REV101388,CUST1038,SUB10043,2023-11-28,399.0,19.95,0.0,379.05,Recurring
REV101389,CUST1038,SUB10043,2023-12-28,399.0,0.0,0.0,399.0,Recurring
REV101390,CUST1038,SUB10043,2024-01-28,399.0,0.0,0.0,399.0,Recurring
REV101391,CUST1038,SUB10043,2024-02-28,399.0,0.0,0.0,399.0,Recurring
REV101392,CUST1038,SUB10043,2024-03-28,399.0,0.0,0.0,399.0,Recurring
REV101393,CUST1038,SUB10043,2024-04-28,399.0,0.0,0.0,399.0,Recurring
REV101394,CUST1038,SUB10043,2024-05-28,399.0,19.95,0.0,379.05,Recurring
REV101395,CUST1038,SUB10043,2024-06-28,399.0,0.0,0.0,399.0,Recurring
REV101396,CUST1038,SUB10043,2024-07-28,399.0,0.0,0.0,399.0,Recurring
REV101397,CUST1038,SUB10043,2024-08-28,399.0,19.95,0.0,379.05,Recurring
REV101398,CUST1038,SUB10043,2024-09-28,399.0,0.0,0.0,399.0,Recurring
REV101399,CUST1038,SUB10043,2024-10-28,399.0,19.95,0.0,379.05,Recurring
REV101400,CUST1038,SUB10043,2024-11-28,399.0,0.0,0.0,399.0,Recurring
REV101401,CUST1038,SUB10043,2024-12-28,399.0,0.0,0.0,399.0,Recurring
REV101402,CUST1038,SUB10043,2025-01-28,399.0,19.95,0.0,379.05,Recurring
REV101403,CUST1038,SUB10043,2025-02-28,399.0,39.9,0.0,359.1,Recurring
REV101404,CUST1038,SUB10043,2025-03-28,399.0,0.0,0.0,399.0,Recurring
REV101405,CUST1038,SUB10043,2025-04-28,399.0,0.0,0.0,399.0,Recurring
REV101406,CUST1038,SUB10043,2025-05-28,399.0,39.9,0.0,359.1,Recurring
REV101407,CUST1038,SUB10043,2025-06-28,399.0,39.9,0.0,359.1,Recurring
REV101408,CUST1038,SUB10043,2025-07-28,399.0,0.0,0.0,399.0,Recurring
REV101409,CUST1038,SUB10043,2025-08-28,399.0,0.0,0.0,399.0,Recurring
REV101410,CUST1038,SUB10043,2025-09-28,399.0,0.0,0.0,399.0,Recurring
REV101411,CUST1038,SUB10043,2025-10-28,399.0,0.0,0.0,399.0,Recurring
REV101412,CUST1038,SUB10043,2025-11-28,399.0,0.0,0.0,399.0,Recurring
REV101413,CUST1038,SUB10043,2025-12-28,399.0,19.95,0.0,379.05,Recurring
REV101414,CUST1041,SUB10044,2023-03-17,49.0,0.0,0.0,49.0,New
REV101415,CUST1041,SUB10044,2023-04-17,49.0,0.0,0.0,49.0,Recurring
REV101416,CUST1041,SUB10044,2023-05-17,49.0,4.9,0.0,44.1,Recurring
REV101417,CUST1041,SUB10044,2023-06-17,49.0,2.45,0.0,46.55,Recurring
REV101418,CUST1041,SUB10044,2023-07-17,49.0,0.0,0.0,49.0,Recurring
REV101419,CUST1041,SUB10044,2023-08-17,49.0,0.0,0.0,49.0,Recurring
REV101420,CUST1041,SUB10044,2023-09-17,49.0,0.0,0.0,49.0,Recurring
REV101421,CUST1041,SUB10044,2023-10-17,49.0,2.45,0.0,46.55,Recurring
REV101422,CUST1041,SUB10044,2023-11-17,49.0,4.9,0.0,44.1,Recurring
REV101423,CUST1041,SUB10044,2023-12-17,49.0,0.0,0.0,49.0,Recurring
REV101424,CUST1041,SUB10044,2024-01-17,49.0,0.0,0.0,49.0,Recurring
REV101425,CUST1041,SUB10044,2024-02-17,49.0,0.0,0.0,49.0,Recurring
REV101426,CUST1041,SUB10044,2024-03-17,49.0,4.9,1.47,42.63,Recurring
REV101427,CUST1041,SUB10044,2024-04-17,49.0,0.0,0.0,49.0,Recurring
REV101428,CUST1041,SUB10044,2024-05-17,49.0,0.0,0.0,49.0,Recurring
REV101429,CUST1041,SUB10044,2024-06-17,49.0,4.9,0.0,44.1,Recurring
REV101430,CUST1041,SUB10044,2024-07-17,49.0,0.0,0.0,49.0,Recurring
REV101431,CUST1041,SUB10044,2024-08-17,49.0,0.0,0.0,49.0,Recurring
REV101432,CUST1041,SUB10044,2024-09-17,49.0,0.0,0.0,49.0,Recurring
REV101433,CUST1041,SUB10044,2024-10-17,49.0,2.45,0.0,46.55,Recurring
REV101434,CUST1041,SUB10044,2024-11-17,49.0,2.45,0.0,46.55,Recurring
REV101435,CUST1041,SUB10044,2024-12-17,49.0,2.45,0.0,46.55,Recurring
REV101436,CUST1041,SUB10044,2025-01-17,49.0,4.9,0.0,44.1,Recurring
REV101437,CUST1041,SUB10044,2025-02-17,49.0,2.45,0.0,46.55,Recurring
REV101438,CUST1041,SUB10044,2025-03-17,49.0,0.0,0.0,49.0,Recurring
REV101439,CUST1041,SUB10045,2025-04-19,999.0,0.0,0.0,999.0,New
REV101440,CUST1041,SUB10045,2025-05-19,999.0,99.9,0.0,899.1,Recurring
REV101441,CUST1041,SUB10045,2025-06-19,999.0,0.0,0.0,999.0,Recurring
REV101442,CUST1041,SUB10045,2025-07-19,999.0,49.95,0.0,949.05,Recurring
REV101443,CUST1041,SUB10045,2025-08-19,999.0,0.0,0.0,999.0,Recurring
REV101444,CUST1041,SUB10045,2025-09-19,999.0,0.0,0.0,999.0,Recurring
REV101445,CUST1041,SUB10045,2025-10-19,999.0,0.0,0.0,999.0,Recurring
REV101446,CUST1041,SUB10045,2025-11-19,999.0,99.9,0.0,899.1,Recurring
REV101447,CUST1041,SUB10045,2025-12-19,999.0,0.0,0.0,999.0,Recurring
REV101448,CUST1018,SUB10046,2023-04-20,40.83,4.08,0.0,36.75,New
REV101449,CUST1018,SUB10046,2023-05-20,40.83,0.0,0.0,40.83,Recurring
REV101450,CUST1018,SUB10046,2023-06-20,40.83,0.0,0.0,40.83,Recurring
REV101451,CUST1018,SUB10046,2023-07-20,40.83,0.0,0.0,40.83,Recurring
REV101452,CUST1018,SUB10046,2023-08-20,40.83,2.04,0.0,38.79,Recurring
REV101453,CUST1018,SUB10046,2023-09-20,40.83,0.0,0.0,40.83,Recurring
REV101454,CUST1018,SUB10046,2023-10-20,40.83,4.08,0.0,36.75,Recurring
REV101455,CUST1018,SUB10046,2023-11-20,40.83,0.0,0.0,40.83,Recurring
REV101456,CUST1018,SUB10046,2023-12-20,40.83,0.0,0.0,40.83,Recurring
REV101457,CUST1018,SUB10046,2024-01-20,40.83,2.04,0.0,38.79,Recurring
REV101458,CUST1018,SUB10046,2024-02-20,40.83,0.0,0.0,40.83,Recurring
REV101459,CUST1018,SUB10046,2024-03-20,40.83,0.0,0.0,40.83,Recurring
REV101460,CUST1018,SUB10046,2024-04-20,40.83,4.08,0.0,36.75,Recurring
REV101461,CUST1018,SUB10046,2024-05-20,40.83,0.0,0.0,40.83,Recurring
REV101462,CUST1018,SUB10046,2024-06-20,40.83,0.0,0.0,40.83,Recurring
REV101463,CUST1018,SUB10046,2024-07-20,40.83,4.08,0.0,36.75,Recurring
REV101464,CUST1018,SUB10046,2024-08-20,40.83,0.0,0.0,40.83,Recurring
REV101465,CUST1018,SUB10046,2024-09-20,40.83,0.0,0.0,40.83,Recurring
REV101466,CUST1018,SUB10046,2024-10-20,40.83,0.0,0.0,40.83,Recurring
REV101467,CUST1018,SUB10046,2024-11-20,40.83,0.0,0.0,40.83,Recurring
REV101468,CUST1018,SUB10046,2024-12-20,40.83,0.0,0.0,40.83,Recurring
REV101469,CUST1018,SUB10046,2025-01-20,40.83,4.08,0.0,36.75,Recurring
REV101470,CUST1018,SUB10046,2025-02-20,40.83,0.0,0.0,40.83,Recurring
REV101471,CUST1018,SUB10046,2025-03-20,40.83,4.08,0.0,36.75,Recurring
REV101472,CUST1018,SUB10046,2025-04-20,40.83,4.08,0.0,36.75,Recurring
REV101473,CUST1018,SUB10046,2025-05-20,40.83,0.0,0.0,40.83,Recurring
REV101474,CUST1018,SUB10046,2025-06-20,40.83,2.04,0.0,38.79,Recurring
REV101475,CUST1018,SUB10046,2025-07-20,40.83,2.04,0.0,38.79,Recurring
REV101476,CUST1018,SUB10046,2025-08-20,40.83,0.0,0.0,40.83,Recurring
REV101477,CUST1018,SUB10046,2025-09-20,40.83,0.0,0.0,40.83,Recurring
REV101478,CUST1018,SUB10046,2025-10-20,40.83,4.08,0.0,36.75,Recurring
REV101479,CUST1018,SUB10046,2025-11-20,40.83,2.04,0.0,38.79,Recurring
REV101480,CUST1018,SUB10046,2025-12-20,40.83,0.0,0.0,40.83,Recurring
REV101481,CUST1005,SUB10047,2023-06-16,332.5,16.62,0.0,315.88,New
REV101482,CUST1005,SUB10047,2023-07-16,332.5,0.0,0.0,332.5,Recurring
REV101483,CUST1005,SUB10047,2023-08-16,332.5,0.0,9.97,322.53,Recurring
REV101484,CUST1005,SUB10047,2023-09-16,332.5,0.0,0.0,332.5,Recurring
REV101485,CUST1005,SUB10047,2023-10-16,332.5,0.0,0.0,332.5,Recurring
REV101486,CUST1005,SUB10047,2023-11-16,332.5,0.0,0.0,332.5,Recurring
REV101487,CUST1005,SUB10047,2023-12-16,332.5,0.0,0.0,332.5,Recurring
REV101488,CUST1005,SUB10047,2024-01-16,332.5,16.62,0.0,315.88,Recurring
REV101489,CUST1005,SUB10047,2024-02-16,332.5,16.62,0.0,315.88,Recurring
REV101490,CUST1005,SUB10047,2024-03-16,332.5,16.62,0.0,315.88,Recurring
REV101491,CUST1005,SUB10047,2024-04-16,332.5,0.0,0.0,332.5,Recurring
REV101492,CUST1005,SUB10047,2024-05-16,332.5,0.0,0.0,332.5,Recurring
REV101493,CUST1005,SUB10047,2024-06-16,332.5,0.0,0.0,332.5,Recurring
REV101494,CUST1005,SUB10047,2024-07-16,332.5,33.25,0.0,299.25,Recurring
REV101495,CUST1005,SUB10047,2024-08-16,332.5,0.0,0.0,332.5,Recurring
REV101496,CUST1005,SUB10047,2024-09-16,332.5,0.0,0.0,332.5,Recurring
REV101497,CUST1005,SUB10047,2024-10-16,332.5,0.0,0.0,332.5,Recurring
REV101498,CUST1005,SUB10047,2024-11-16,332.5,0.0,0.0,332.5,Recurring
REV101499,CUST1005,SUB10047,2024-12-16,332.5,33.25,0.0,299.25,Recurring
REV101500,CUST1005,SUB10047,2025-01-16,332.5,0.0,0.0,332.5,Recurring
REV101501,CUST1005,SUB10047,2025-02-16,332.5,0.0,0.0,332.5,Recurring
REV101502,CUST1005,SUB10047,2025-03-16,332.5,16.62,0.0,315.88,Recurring
REV101503,CUST1005,SUB10047,2025-04-16,332.5,33.25,0.0,299.25,Recurring
REV101504,CUST1005,SUB10047,2025-05-16,332.5,16.62,0.0,315.88,Recurring
REV101505,CUST1005,SUB10047,2025-06-16,332.5,0.0,0.0,332.5,Recurring
REV101506,CUST1005,SUB10047,2025-07-16,332.5,16.62,0.0,315.88,Recurring
REV101507,CUST1005,SUB10047,2025-08-16,332.5,0.0,0.0,332.5,Recurring
REV101508,CUST1005,SUB10047,2025-09-16,332.5,16.62,9.97,305.91,Recurring
REV101509,CUST1005,SUB10047,2025-10-16,332.5,0.0,0.0,332.5,Recurring
REV101510,CUST1005,SUB10047,2025-11-16,332.5,0.0,0.0,332.5,Recurring
REV101511,CUST1005,SUB10047,2025-12-16,332.5,0.0,0.0,332.5,Recurring
REV101512,CUST1005,SUB10048,2025-07-25,49.0,0.0,0.0,49.0,New
REV101513,CUST1005,SUB10048,2025-08-25,49.0,0.0,0.0,49.0,Recurring
REV101514,CUST1005,SUB10048,2025-09-25,49.0,0.0,0.0,49.0,Recurring
REV101515,CUST1005,SUB10048,2025-10-25,49.0,4.9,0.0,44.1,Recurring
REV101516,CUST1005,SUB10048,2025-11-25,49.0,0.0,0.0,49.0,Recurring
REV101517,CUST1005,SUB10048,2025-12-25,49.0,0.0,0.0,49.0,Recurring
REV101518,CUST1044,SUB10049,2023-08-03,832.5,0.0,0.0,832.5,New
REV101519,CUST1044,SUB10049,2023-09-03,832.5,41.62,0.0,790.88,Recurring
REV101520,CUST1044,SUB10049,2023-10-03,832.5,0.0,0.0,832.5,Recurring
REV101521,CUST1044,SUB10049,2023-11-03,832.5,0.0,0.0,832.5,Recurring
REV101522,CUST1044,SUB10049,2023-12-03,832.5,0.0,0.0,832.5,Recurring
REV101523,CUST1044,SUB10049,2024-01-03,832.5,0.0,0.0,832.5,Recurring
REV101524,CUST1044,SUB10049,2024-02-03,832.5,0.0,0.0,832.5,Recurring
REV101525,CUST1044,SUB10049,2024-03-03,832.5,0.0,0.0,832.5,Recurring
REV101526,CUST1044,SUB10049,2024-04-03,832.5,0.0,0.0,832.5,Recurring
REV101527,CUST1044,SUB10049,2024-05-03,832.5,83.25,0.0,749.25,Recurring
REV101528,CUST1044,SUB10049,2024-06-03,832.5,0.0,0.0,832.5,Recurring
REV101529,CUST1044,SUB10049,2024-07-03,832.5,41.62,0.0,790.88,Recurring
REV101530,CUST1044,SUB10049,2024-08-03,832.5,0.0,0.0,832.5,Recurring
REV101531,CUST1044,SUB10049,2024-09-03,832.5,83.25,0.0,749.25,Recurring
REV101532,CUST1044,SUB10049,2024-10-03,832.5,0.0,0.0,832.5,Recurring
REV101533,CUST1044,SUB10049,2024-11-03,832.5,0.0,0.0,832.5,Recurring
REV101534,CUST1044,SUB10049,2024-12-03,832.5,83.25,0.0,749.25,Recurring
REV101535,CUST1044,SUB10049,2025-01-03,832.5,0.0,0.0,832.5,Recurring
REV101536,CUST1044,SUB10049,2025-02-03,832.5,41.62,0.0,790.88,Recurring
REV101537,CUST1044,SUB10049,2025-03-03,832.5,0.0,24.97,807.53,Recurring
REV101538,CUST1044,SUB10049,2025-04-03,832.5,0.0,0.0,832.5,Recurring
REV101539,CUST1044,SUB10049,2025-05-03,832.5,83.25,0.0,749.25,Recurring
REV101540,CUST1044,SUB10049,2025-06-03,832.5,0.0,0.0,832.5,Recurring
REV101541,CUST1044,SUB10049,2025-07-03,832.5,83.25,0.0,749.25,Recurring
REV101542,CUST1044,SUB10049,2025-08-03,832.5,0.0,0.0,832.5,Recurring
REV101543,CUST1044,SUB10049,2025-09-03,832.5,0.0,0.0,832.5,Recurring
REV101544,CUST1044,SUB10049,2025-10-03,832.5,0.0,0.0,832.5,Recurring
REV101545,CUST1044,SUB10049,2025-11-03,832.5,0.0,0.0,832.5,Recurring
REV101546,CUST1044,SUB10049,2025-12-03,832.5,0.0,0.0,832.5,Recurring
REV101547,CUST1023,SUB10050,2023-08-12,999.0,0.0,0.0,999.0,New
REV101548,CUST1023,SUB10050,2023-09-12,999.0,0.0,0.0,999.0,Recurring
REV101549,CUST1023,SUB10050,2023-10-12,999.0,0.0,0.0,999.0,Recurring
REV101550,CUST1023,SUB10050,2023-11-12,999.0,0.0,29.97,969.03,Recurring
REV101551,CUST1023,SUB10050,2023-12-12,999.0,0.0,0.0,999.0,Recurring
REV101552,CUST1023,SUB10050,2024-01-12,999.0,0.0,0.0,999.0,Recurring
REV101553,CUST1023,SUB10050,2024-02-12,999.0,49.95,0.0,949.05,Recurring
REV101554,CUST1023,SUB10050,2024-03-12,999.0,0.0,0.0,999.0,Recurring
REV101555,CUST1023,SUB10050,2024-04-12,999.0,0.0,0.0,999.0,Recurring
REV101556,CUST1023,SUB10050,2024-05-12,999.0,0.0,0.0,999.0,Recurring
REV101557,CUST1023,SUB10050,2024-06-12,999.0,49.95,0.0,949.05,Recurring
REV101558,CUST1023,SUB10050,2024-07-12,999.0,49.95,0.0,949.05,Recurring
REV101559,CUST1023,SUB10050,2024-08-12,999.0,49.95,0.0,949.05,Recurring
REV101560,CUST1023,SUB10050,2024-09-12,999.0,49.95,0.0,949.05,Recurring
REV101561,CUST1023,SUB10050,2024-10-12,999.0,0.0,0.0,999.0,Recurring
REV101562,CUST1023,SUB10050,2024-11-12,999.0,0.0,0.0,999.0,Recurring
REV101563,CUST1023,SUB10050,2024-12-12,999.0,0.0,0.0,999.0,Recurring
REV101564,CUST1023,SUB10050,2025-01-12,999.0,99.9,0.0,899.1,Recurring
REV101565,CUST1023,SUB10050,2025-02-12,999.0,99.9,0.0,899.1,Recurring
REV101566,CUST1023,SUB10050,2025-03-12,999.0,0.0,0.0,999.0,Recurring
REV101567,CUST1023,SUB10050,2025-04-12,999.0,0.0,0.0,999.0,Recurring
REV101568,CUST1023,SUB10050,2025-05-12,999.0,0.0,0.0,999.0,Recurring
REV101569,CUST1023,SUB10050,2025-06-12,999.0,49.95,0.0,949.05,Recurring
REV101570,CUST1023,SUB10050,2025-07-12,999.0,49.95,0.0,949.05,Recurring
REV101571,CUST1023,SUB10050,2025-08-12,999.0,0.0,0.0,999.0,Recurring
REV101572,CUST1023,SUB10050,2025-09-12,999.0,0.0,29.97,969.03,Recurring
REV101573,CUST1023,SUB10050,2025-10-12,999.0,99.9,0.0,899.1,Recurring
REV101574,CUST1023,SUB10050,2025-11-12,999.0,99.9,0.0,899.1,Recurring
REV101575,CUST1023,SUB10050,2025-12-12,999.0,0.0,0.0,999.0,Recurring
REV101576,CUST1023,SUB10051,2025-11-12,49.0,0.0,0.0,49.0,New
REV101577,CUST1023,SUB10051,2025-12-12,49.0,4.9,0.0,44.1,Recurring
REV101578,CUST1028,SUB10052,2023-08-02,49.0,0.0,0.0,49.0,New
REV101579,CUST1028,SUB10052,2023-09-02,49.0,2.45,0.0,46.55,Recurring
REV101580,CUST1028,SUB10052,2023-10-02,49.0,4.9,0.0,44.1,Recurring
REV101581,CUST1028,SUB10052,2023-11-02,49.0,4.9,0.0,44.1,Recurring
REV101582,CUST1028,SUB10052,2023-12-02,49.0,0.0,0.0,49.0,Recurring
REV101583,CUST1028,SUB10052,2024-01-02,49.0,2.45,0.0,46.55,Recurring
REV101584,CUST1028,SUB10052,2024-02-02,49.0,0.0,0.0,49.0,Recurring
REV101585,CUST1028,SUB10052,2024-03-02,49.0,2.45,0.0,46.55,Recurring
REV101586,CUST1028,SUB10052,2024-04-02,49.0,0.0,0.0,49.0,Recurring
REV101587,CUST1028,SUB10052,2024-05-02,49.0,0.0,0.0,49.0,Recurring
REV101588,CUST1028,SUB10052,2024-06-02,49.0,4.9,0.0,44.1,Recurring
REV101589,CUST1028,SUB10052,2024-07-02,49.0,2.45,0.0,46.55,Recurring
REV101590,CUST1028,SUB10052,2024-08-02,49.0,0.0,0.0,49.0,Recurring
REV101591,CUST1035,SUB10053,2023-12-18,999.0,99.9,0.0,899.1,New
REV101592,CUST1035,SUB10053,2024-01-18,999.0,49.95,0.0,949.05,Recurring
REV101593,CUST1035,SUB10053,2024-02-18,999.0,0.0,0.0,999.0,Recurring
REV101594,CUST1035,SUB10053,2024-03-18,999.0,0.0,0.0,999.0,Recurring
REV101595,CUST1035,SUB10053,2024-04-18,999.0,49.95,0.0,949.05,Recurring
REV101596,CUST1035,SUB10053,2024-05-18,999.0,99.9,29.97,869.13,Recurring
REV101597,CUST1035,SUB10053,2024-06-18,999.0,0.0,0.0,999.0,Recurring
REV101598,CUST1035,SUB10053,2024-07-18,999.0,99.9,0.0,899.1,Recurring
REV101599,CUST1035,SUB10053,2024-08-18,999.0,99.9,0.0,899.1,Recurring
REV101600,CUST1035,SUB10053,2024-09-18,999.0,49.95,0.0,949.05,Recurring
REV101601,CUST1035,SUB10053,2024-10-18,999.0,0.0,0.0,999.0,Recurring
REV101602,CUST1035,SUB10053,2024-11-18,999.0,0.0,0.0,999.0,Recurring
REV101603,CUST1035,SUB10053,2024-12-18,999.0,0.0,0.0,999.0,Recurring
REV101604,CUST1009,SUB10054,2024-01-05,832.5,83.25,0.0,749.25,New
REV101605,CUST1009,SUB10054,2024-02-05,832.5,0.0,0.0,832.5,Recurring
REV101606,CUST1009,SUB10054,2024-03-05,832.5,0.0,0.0,832.5,Recurring
REV101607,CUST1009,SUB10054,2024-04-05,832.5,0.0,24.97,807.53,Recurring
REV101608,CUST1009,SUB10054,2024-05-05,832.5,0.0,0.0,832.5,Recurring
REV101609,CUST1009,SUB10054,2024-06-05,832.5,0.0,0.0,832.5,Recurring
REV101610,CUST1009,SUB10054,2024-07-05,832.5,0.0,0.0,832.5,Recurring
REV101611,CUST1009,SUB10054,2024-08-05,832.5,0.0,0.0,832.5,Recurring
REV101612,CUST1009,SUB10054,2024-09-05,832.5,41.62,0.0,790.88,Recurring
REV101613,CUST1009,SUB10054,2024-10-05,832.5,41.62,0.0,790.88,Recurring
REV101614,CUST1009,SUB10054,2024-11-05,832.5,83.25,0.0,749.25,Recurring
REV101615,CUST1009,SUB10054,2024-12-05,832.5,0.0,0.0,832.5,Recurring
REV101616,CUST1009,SUB10054,2025-01-05,832.5,41.62,0.0,790.88,Recurring
REV101617,CUST1009,SUB10054,2025-02-05,832.5,0.0,0.0,832.5,Recurring
REV101618,CUST1009,SUB10054,2025-03-05,832.5,0.0,0.0,832.5,Recurring
REV101619,CUST1009,SUB10054,2025-04-05,832.5,0.0,0.0,832.5,Recurring
REV101620,CUST1009,SUB10054,2025-05-05,832.5,83.25,0.0,749.25,Recurring
REV101621,CUST1009,SUB10054,2025-06-05,832.5,41.62,0.0,790.88,Recurring
REV101622,CUST1009,SUB10054,2025-07-05,832.5,83.25,0.0,749.25,Recurring
REV101623,CUST1009,SUB10054,2025-08-05,832.5,0.0,0.0,832.5,Recurring
REV101624,CUST1009,SUB10054,2025-09-05,832.5,0.0,0.0,832.5,Recurring
REV101625,CUST1009,SUB10054,2025-10-05,832.5,0.0,0.0,832.5,Recurring
REV101626,CUST1009,SUB10054,2025-11-05,832.5,41.62,0.0,790.88,Recurring
REV101627,CUST1009,SUB10054,2025-12-05,832.5,41.62,0.0,790.88,Recurring
REV101628,CUST1052,SUB10055,2024-02-15,124.17,0.0,0.0,124.17,New
REV101629,CUST1052,SUB10055,2024-03-15,124.17,0.0,0.0,124.17,Recurring
REV101630,CUST1052,SUB10055,2024-04-15,124.17,0.0,0.0,124.17,Recurring
REV101631,CUST1052,SUB10055,2024-05-15,124.17,12.42,0.0,111.75,Recurring
REV101632,CUST1052,SUB10055,2024-06-15,124.17,0.0,0.0,124.17,Recurring
REV101633,CUST1052,SUB10055,2024-07-15,124.17,6.21,0.0,117.96,Recurring
REV101634,CUST1052,SUB10055,2024-08-15,124.17,12.42,0.0,111.75,Recurring
REV101635,CUST1052,SUB10055,2024-09-15,124.17,0.0,0.0,124.17,Recurring
REV101636,CUST1052,SUB10055,2024-10-15,124.17,0.0,0.0,124.17,Recurring
REV101637,CUST1052,SUB10055,2024-11-15,124.17,6.21,0.0,117.96,Recurring
REV101638,CUST1052,SUB10055,2024-12-15,124.17,0.0,0.0,124.17,Recurring
REV101639,CUST1052,SUB10055,2025-01-15,124.17,12.42,0.0,111.75,Recurring
REV101640,CUST1052,SUB10055,2025-02-15,124.17,12.42,0.0,111.75,Recurring
REV101641,CUST1052,SUB10055,2025-03-15,124.17,12.42,0.0,111.75,Recurring
REV101642,CUST1052,SUB10055,2025-04-15,124.17,0.0,0.0,124.17,Recurring
REV101643,CUST1052,SUB10055,2025-05-15,124.17,0.0,0.0,124.17,Recurring
REV101644,CUST1052,SUB10055,2025-06-15,124.17,0.0,0.0,124.17,Recurring
REV101645,CUST1052,SUB10055,2025-07-15,124.17,0.0,0.0,124.17,Recurring
REV101646,CUST1052,SUB10055,2025-08-15,124.17,0.0,0.0,124.17,Recurring
REV101647,CUST1052,SUB10055,2025-09-15,124.17,0.0,0.0,124.17,Recurring
REV101648,CUST1052,SUB10055,2025-10-15,124.17,12.42,0.0,111.75,Recurring
REV101649,CUST1052,SUB10055,2025-11-15,124.17,6.21,0.0,117.96,Recurring
REV101650,CUST1052,SUB10055,2025-12-15,124.17,12.42,0.0,111.75,Recurring
REV101651,CUST1052,SUB10056,2024-06-08,149.0,7.45,0.0,141.55,New
REV101652,CUST1052,SUB10056,2024-07-08,149.0,14.9,0.0,134.1,Recurring
REV101653,CUST1052,SUB10056,2024-08-08,149.0,7.45,0.0,141.55,Recurring
REV101654,CUST1052,SUB10056,2024-09-08,149.0,0.0,0.0,149.0,Recurring
REV101655,CUST1052,SUB10056,2024-10-08,149.0,0.0,0.0,149.0,Recurring
REV101656,CUST1052,SUB10056,2024-11-08,149.0,0.0,0.0,149.0,Recurring
REV101657,CUST1052,SUB10056,2024-12-08,149.0,0.0,0.0,149.0,Recurring
REV101658,CUST1052,SUB10056,2025-01-08,149.0,0.0,0.0,149.0,Recurring
REV101659,CUST1052,SUB10056,2025-02-08,149.0,14.9,0.0,134.1,Recurring
REV101660,CUST1052,SUB10056,2025-03-08,149.0,7.45,0.0,141.55,Recurring
REV101661,CUST1052,SUB10056,2025-04-08,149.0,14.9,0.0,134.1,Recurring
REV101662,CUST1052,SUB10056,2025-05-08,149.0,14.9,0.0,134.1,Recurring
REV101663,CUST1052,SUB10056,2025-06-08,149.0,14.9,0.0,134.1,Recurring
REV101664,CUST1052,SUB10056,2025-07-08,149.0,0.0,0.0,149.0,Recurring
REV101665,CUST1052,SUB10056,2025-08-08,149.0,0.0,0.0,149.0,Recurring
REV101666,CUST1052,SUB10056,2025-09-08,149.0,7.45,0.0,141.55,Recurring
REV101667,CUST1052,SUB10056,2025-10-08,149.0,0.0,0.0,149.0,Recurring
REV101668,CUST1052,SUB10056,2025-11-08,149.0,0.0,4.47,144.53,Recurring
REV101669,CUST1052,SUB10056,2025-12-08,149.0,0.0,0.0,149.0,Recurring
REV101670,CUST1033,SUB10057,2024-01-31,999.0,49.95,0.0,949.05,New
REV101671,CUST1033,SUB10057,2024-02-29,999.0,0.0,0.0,999.0,Recurring
REV101672,CUST1033,SUB10057,2024-03-29,999.0,99.9,0.0,899.1,Recurring
REV101673,CUST1033,SUB10057,2024-04-29,999.0,0.0,0.0,999.0,Recurring
REV101674,CUST1033,SUB10057,2024-05-29,999.0,0.0,0.0,999.0,Recurring
REV101675,CUST1033,SUB10057,2024-06-29,999.0,0.0,0.0,999.0,Recurring
REV101676,CUST1033,SUB10057,2024-07-29,999.0,0.0,0.0,999.0,Recurring
REV101677,CUST1033,SUB10057,2024-08-29,999.0,0.0,0.0,999.0,Recurring
REV101678,CUST1033,SUB10057,2024-09-29,999.0,0.0,0.0,999.0,Recurring
REV101679,CUST1033,SUB10057,2024-10-29,999.0,49.95,0.0,949.05,Recurring
REV101680,CUST1033,SUB10057,2024-11-29,999.0,0.0,0.0,999.0,Recurring
REV101681,CUST1033,SUB10057,2024-12-29,999.0,99.9,0.0,899.1,Recurring
REV101682,CUST1033,SUB10057,2025-01-29,999.0,0.0,0.0,999.0,Recurring
REV101683,CUST1033,SUB10057,2025-02-28,999.0,0.0,0.0,999.0,Recurring
REV101684,CUST1033,SUB10057,2025-03-28,999.0,0.0,0.0,999.0,Recurring
REV101685,CUST1033,SUB10057,2025-04-28,999.0,99.9,0.0,899.1,Recurring
REV101686,CUST1033,SUB10057,2025-05-28,999.0,0.0,0.0,999.0,Recurring
REV101687,CUST1033,SUB10057,2025-06-28,999.0,99.9,0.0,899.1,Recurring
REV101688,CUST1033,SUB10057,2025-07-28,999.0,0.0,0.0,999.0,Recurring
REV101689,CUST1033,SUB10057,2025-08-28,999.0,0.0,0.0,999.0,Recurring
REV101690,CUST1033,SUB10057,2025-09-28,999.0,0.0,0.0,999.0,Recurring
REV101691,CUST1033,SUB10057,2025-10-28,999.0,99.9,0.0,899.1,Recurring
REV101692,CUST1033,SUB10057,2025-11-28,999.0,99.9,0.0,899.1,Recurring
REV101693,CUST1033,SUB10057,2025-12-28,999.0,0.0,0.0,999.0,Recurring
REV101694,CUST1046,SUB10058,2024-03-15,332.5,0.0,0.0,332.5,New
REV101695,CUST1046,SUB10058,2024-04-15,332.5,0.0,0.0,332.5,Recurring
REV101696,CUST1046,SUB10058,2024-05-15,332.5,0.0,0.0,332.5,Recurring
REV101697,CUST1046,SUB10058,2024-06-15,332.5,33.25,0.0,299.25,Recurring
REV101698,CUST1046,SUB10058,2024-07-15,332.5,33.25,0.0,299.25,Recurring
REV101699,CUST1046,SUB10058,2024-08-15,332.5,0.0,0.0,332.5,Recurring
REV101700,CUST1046,SUB10058,2024-09-15,332.5,0.0,0.0,332.5,Recurring
REV101701,CUST1046,SUB10058,2024-10-15,332.5,33.25,0.0,299.25,Recurring
REV101702,CUST1046,SUB10058,2024-11-15,332.5,0.0,0.0,332.5,Recurring
REV101703,CUST1046,SUB10058,2024-12-15,332.5,0.0,0.0,332.5,Recurring
REV101704,CUST1046,SUB10058,2025-01-15,332.5,0.0,0.0,332.5,Recurring
REV101705,CUST1046,SUB10058,2025-02-15,332.5,33.25,0.0,299.25,Recurring
REV101706,CUST1046,SUB10058,2025-03-15,332.5,0.0,0.0,332.5,Recurring
REV101707,CUST1046,SUB10058,2025-04-15,332.5,0.0,0.0,332.5,Recurring
REV101708,CUST1046,SUB10058,2025-05-15,332.5,33.25,0.0,299.25,Recurring
REV101709,CUST1046,SUB10058,2025-06-15,332.5,0.0,0.0,332.5,Recurring
REV101710,CUST1046,SUB10058,2025-07-15,332.5,0.0,0.0,332.5,Recurring
REV101711,CUST1046,SUB10058,2025-08-15,332.5,0.0,0.0,332.5,Recurring
REV101712,CUST1046,SUB10058,2025-09-15,332.5,0.0,0.0,332.5,Recurring
REV101713,CUST1046,SUB10058,2025-10-15,332.5,33.25,0.0,299.25,Recurring
REV101714,CUST1046,SUB10058,2025-11-15,332.5,0.0,0.0,332.5,Recurring
REV101715,CUST1046,SUB10058,2025-12-15,332.5,0.0,0.0,332.5,Recurring
REV101716,CUST1046,SUB10059,2025-04-11,124.17,6.21,0.0,117.96,New
REV101717,CUST1046,SUB10059,2025-05-11,124.17,0.0,0.0,124.17,Recurring
REV101718,CUST1046,SUB10059,2025-06-11,124.17,6.21,0.0,117.96,Recurring
REV101719,CUST1046,SUB10059,2025-07-11,124.17,0.0,0.0,124.17,Recurring
REV101720,CUST1046,SUB10059,2025-08-11,124.17,0.0,3.73,120.44,Recurring
REV101721,CUST1046,SUB10059,2025-09-11,124.17,0.0,0.0,124.17,Recurring
REV101722,CUST1046,SUB10059,2025-10-11,124.17,0.0,0.0,124.17,Recurring
REV101723,CUST1046,SUB10059,2025-11-11,124.17,0.0,0.0,124.17,Recurring
REV101724,CUST1046,SUB10059,2025-12-11,124.17,12.42,0.0,111.75,Recurring
REV101725,CUST1056,SUB10060,2024-04-01,399.0,0.0,0.0,399.0,New
REV101726,CUST1056,SUB10060,2024-05-01,399.0,19.95,0.0,379.05,Recurring
REV101727,CUST1056,SUB10060,2024-06-01,399.0,19.95,0.0,379.05,Recurring
REV101728,CUST1056,SUB10060,2024-07-01,399.0,19.95,0.0,379.05,Recurring
REV101729,CUST1056,SUB10060,2024-08-01,399.0,39.9,11.97,347.13,Recurring
REV101730,CUST1056,SUB10060,2024-09-01,399.0,39.9,0.0,359.1,Recurring
REV101731,CUST1056,SUB10060,2024-10-01,399.0,39.9,0.0,359.1,Recurring
REV101732,CUST1056,SUB10060,2024-11-01,399.0,0.0,0.0,399.0,Recurring
REV101733,CUST1056,SUB10060,2024-12-01,399.0,39.9,0.0,359.1,Recurring
REV101734,CUST1056,SUB10060,2025-01-01,399.0,0.0,0.0,399.0,Recurring
REV101735,CUST1056,SUB10060,2025-02-01,399.0,0.0,0.0,399.0,Recurring
REV101736,CUST1056,SUB10060,2025-03-01,399.0,19.95,0.0,379.05,Recurring
REV101737,CUST1056,SUB10060,2025-04-01,399.0,0.0,0.0,399.0,Recurring
REV101738,CUST1056,SUB10060,2025-05-01,399.0,39.9,0.0,359.1,Recurring
REV101739,CUST1056,SUB10060,2025-06-01,399.0,19.95,0.0,379.05,Recurring
REV101740,CUST1056,SUB10060,2025-07-01,399.0,39.9,0.0,359.1,Recurring
REV101741,CUST1056,SUB10060,2025-08-01,399.0,0.0,0.0,399.0,Recurring
REV101742,CUST1056,SUB10060,2025-09-01,399.0,0.0,0.0,399.0,Recurring
REV101743,CUST1056,SUB10060,2025-10-01,399.0,0.0,0.0,399.0,Recurring
REV101744,CUST1056,SUB10060,2025-11-01,399.0,39.9,0.0,359.1,Recurring
REV101745,CUST1056,SUB10060,2025-12-01,399.0,0.0,11.97,387.03,Recurring
REV101746,CUST1030,SUB10061,2024-04-07,832.5,83.25,0.0,749.25,New
REV101747,CUST1030,SUB10061,2024-05-07,832.5,83.25,0.0,749.25,Recurring
REV101748,CUST1030,SUB10061,2024-06-07,832.5,0.0,0.0,832.5,Recurring
REV101749,CUST1030,SUB10061,2024-07-07,832.5,0.0,0.0,832.5,Recurring
REV101750,CUST1030,SUB10061,2024-08-07,832.5,83.25,0.0,749.25,Recurring
REV101751,CUST1030,SUB10061,2024-09-07,832.5,0.0,0.0,832.5,Recurring
REV101752,CUST1030,SUB10061,2024-10-07,832.5,0.0,0.0,832.5,Recurring
REV101753,CUST1030,SUB10061,2024-11-07,832.5,0.0,0.0,832.5,Recurring
REV101754,CUST1030,SUB10061,2024-12-07,832.5,83.25,0.0,749.25,Recurring
REV101755,CUST1030,SUB10061,2025-01-07,832.5,83.25,0.0,749.25,Recurring
REV101756,CUST1030,SUB10061,2025-02-07,832.5,83.25,0.0,749.25,Recurring
REV101757,CUST1030,SUB10061,2025-03-07,832.5,0.0,0.0,832.5,Recurring
REV101758,CUST1030,SUB10061,2025-04-07,832.5,0.0,0.0,832.5,Recurring
REV101759,CUST1030,SUB10061,2025-05-07,832.5,41.62,0.0,790.88,Recurring
REV101760,CUST1030,SUB10061,2025-06-07,832.5,0.0,0.0,832.5,Recurring
REV101761,CUST1030,SUB10061,2025-07-07,832.5,0.0,0.0,832.5,Recurring
REV101762,CUST1030,SUB10061,2025-08-07,832.5,83.25,0.0,749.25,Recurring
REV101763,CUST1030,SUB10061,2025-09-07,832.5,0.0,0.0,832.5,Recurring
REV101764,CUST1030,SUB10061,2025-10-07,832.5,41.62,0.0,790.88,Recurring
REV101765,CUST1030,SUB10061,2025-11-07,832.5,0.0,0.0,832.5,Recurring
REV101766,CUST1030,SUB10061,2025-12-07,832.5,0.0,0.0,832.5,Recurring
REV101767,CUST1030,SUB10062,2024-08-12,332.5,0.0,0.0,332.5,New
REV101768,CUST1030,SUB10062,2024-09-12,332.5,16.62,0.0,315.88,Recurring
REV101769,CUST1030,SUB10062,2024-10-12,332.5,0.0,0.0,332.5,Recurring
REV101770,CUST1030,SUB10062,2024-11-12,332.5,0.0,0.0,332.5,Recurring
REV101771,CUST1008,SUB10063,2024-03-14,40.83,2.04,0.0,38.79,New
REV101772,CUST1008,SUB10063,2024-04-14,40.83,0.0,0.0,40.83,Recurring
REV101773,CUST1008,SUB10063,2024-05-14,40.83,0.0,0.0,40.83,Recurring
REV101774,CUST1008,SUB10063,2024-06-14,40.83,2.04,0.0,38.79,Recurring
REV101775,CUST1000,SUB10064,2024-04-20,399.0,0.0,0.0,399.0,New
REV101776,CUST1000,SUB10064,2024-05-20,399.0,0.0,0.0,399.0,Recurring
REV101777,CUST1000,SUB10064,2024-06-20,399.0,39.9,0.0,359.1,Recurring
REV101778,CUST1000,SUB10064,2024-07-20,399.0,0.0,0.0,399.0,Recurring
REV101779,CUST1000,SUB10064,2024-08-20,399.0,0.0,0.0,399.0,Recurring
REV101780,CUST1000,SUB10064,2024-09-20,399.0,0.0,0.0,399.0,Recurring
REV101781,CUST1000,SUB10064,2024-10-20,399.0,0.0,0.0,399.0,Recurring
REV101782,CUST1000,SUB10064,2024-11-20,399.0,0.0,0.0,399.0,Recurring
REV101783,CUST1000,SUB10064,2024-12-20,399.0,0.0,0.0,399.0,Recurring
REV101784,CUST1000,SUB10064,2025-01-20,399.0,39.9,0.0,359.1,Recurring
REV101785,CUST1000,SUB10064,2025-02-20,399.0,39.9,0.0,359.1,Recurring
REV101786,CUST1000,SUB10064,2025-03-20,399.0,0.0,0.0,399.0,Recurring
REV101787,CUST1000,SUB10064,2025-04-20,399.0,39.9,0.0,359.1,Recurring
REV101788,CUST1000,SUB10064,2025-05-20,399.0,39.9,0.0,359.1,Recurring
REV101789,CUST1000,SUB10064,2025-06-20,399.0,0.0,0.0,399.0,Recurring
REV101790,CUST1000,SUB10064,2025-07-20,399.0,0.0,0.0,399.0,Recurring
REV101791,CUST1000,SUB10064,2025-08-20,399.0,39.9,0.0,359.1,Recurring
REV101792,CUST1000,SUB10064,2025-09-20,399.0,0.0,0.0,399.0,Recurring
REV101793,CUST1000,SUB10064,2025-10-20,399.0,39.9,0.0,359.1,Recurring
REV101794,CUST1000,SUB10064,2025-11-20,399.0,19.95,0.0,379.05,Recurring
REV101795,CUST1000,SUB10064,2025-12-20,399.0,0.0,0.0,399.0,Recurring
REV101796,CUST1007,SUB10065,2024-06-09,999.0,99.9,0.0,899.1,New
REV101797,CUST1007,SUB10065,2024-07-09,999.0,99.9,0.0,899.1,Recurring
REV101798,CUST1007,SUB10065,2024-08-09,999.0,0.0,0.0,999.0,Recurring
REV101799,CUST1007,SUB10065,2024-09-09,999.0,99.9,0.0,899.1,Recurring
REV101800,CUST1007,SUB10065,2024-10-09,999.0,0.0,0.0,999.0,Recurring
REV101801,CUST1007,SUB10065,2024-11-09,999.0,49.95,0.0,949.05,Recurring
REV101802,CUST1007,SUB10065,2024-12-09,999.0,0.0,0.0,999.0,Recurring
REV101803,CUST1007,SUB10065,2025-01-09,999.0,49.95,0.0,949.05,Recurring
REV101804,CUST1007,SUB10065,2025-02-09,999.0,0.0,0.0,999.0,Recurring
REV101805,CUST1007,SUB10065,2025-03-09,999.0,0.0,0.0,999.0,Recurring
REV101806,CUST1007,SUB10065,2025-04-09,999.0,99.9,0.0,899.1,Recurring
REV101807,CUST1007,SUB10065,2025-05-09,999.0,0.0,0.0,999.0,Recurring
REV101808,CUST1007,SUB10065,2025-06-09,999.0,49.95,0.0,949.05,Recurring
REV101809,CUST1007,SUB10065,2025-07-09,999.0,0.0,0.0,999.0,Recurring
REV101810,CUST1007,SUB10065,2025-08-09,999.0,0.0,0.0,999.0,Recurring
REV101811,CUST1007,SUB10065,2025-09-09,999.0,99.9,0.0,899.1,Recurring
REV101812,CUST1007,SUB10065,2025-10-09,999.0,0.0,0.0,999.0,Recurring
REV101813,CUST1007,SUB10065,2025-11-09,999.0,0.0,0.0,999.0,Recurring
REV101814,CUST1007,SUB10065,2025-12-09,999.0,99.9,0.0,899.1,Recurring
REV101815,CUST1001,SUB10066,2024-06-18,49.0,2.45,0.0,46.55,New
REV101816,CUST1001,SUB10066,2024-07-18,49.0,0.0,0.0,49.0,Recurring
REV101817,CUST1001,SUB10066,2024-08-18,49.0,2.45,0.0,46.55,Recurring
REV101818,CUST1001,SUB10066,2024-09-18,49.0,0.0,0.0,49.0,Recurring
REV101819,CUST1001,SUB10066,2024-10-18,49.0,0.0,0.0,49.0,Recurring
REV101820,CUST1001,SUB10066,2024-11-18,49.0,0.0,0.0,49.0,Recurring
REV101821,CUST1001,SUB10066,2024-12-18,49.0,2.45,0.0,46.55,Recurring
REV101822,CUST1001,SUB10066,2025-01-18,49.0,0.0,0.0,49.0,Recurring
REV101823,CUST1001,SUB10066,2025-02-18,49.0,0.0,0.0,49.0,Recurring
REV101824,CUST1001,SUB10066,2025-03-18,49.0,0.0,0.0,49.0,Recurring
REV101825,CUST1001,SUB10066,2025-04-18,49.0,0.0,0.0,49.0,Recurring
REV101826,CUST1001,SUB10066,2025-05-18,49.0,0.0,0.0,49.0,Recurring
REV101827,CUST1001,SUB10066,2025-06-18,49.0,4.9,0.0,44.1,Recurring
REV101828,CUST1001,SUB10066,2025-07-18,49.0,0.0,0.0,49.0,Recurring
REV101829,CUST1001,SUB10066,2025-08-18,49.0,2.45,0.0,46.55,Recurring
REV101830,CUST1001,SUB10066,2025-09-18,49.0,0.0,0.0,49.0,Recurring
REV101831,CUST1001,SUB10066,2025-10-18,49.0,2.45,0.0,46.55,Recurring
REV101832,CUST1001,SUB10066,2025-11-18,49.0,4.9,0.0,44.1,Recurring
REV101833,CUST1001,SUB10066,2025-12-18,49.0,2.45,1.47,45.08,Recurring
REV101834,CUST1049,SUB10067,2024-06-10,832.5,0.0,0.0,832.5,New
REV101835,CUST1049,SUB10067,2024-07-10,832.5,83.25,0.0,749.25,Recurring
REV101836,CUST1049,SUB10067,2024-08-10,832.5,83.25,0.0,749.25,Recurring
REV101837,CUST1049,SUB10067,2024-09-10,832.5,83.25,0.0,749.25,Recurring
REV101838,CUST1049,SUB10067,2024-10-10,832.5,0.0,0.0,832.5,Recurring
REV101839,CUST1049,SUB10067,2024-11-10,832.5,0.0,0.0,832.5,Recurring
REV101840,CUST1049,SUB10067,2024-12-10,832.5,41.62,0.0,790.88,Recurring
REV101841,CUST1049,SUB10067,2025-01-10,832.5,83.25,0.0,749.25,Recurring
REV101842,CUST1049,SUB10067,2025-02-10,832.5,0.0,0.0,832.5,Recurring
REV101843,CUST1049,SUB10067,2025-03-10,832.5,0.0,0.0,832.5,Recurring
REV101844,CUST1049,SUB10067,2025-04-10,832.5,41.62,0.0,790.88,Recurring
REV101845,CUST1049,SUB10067,2025-05-10,832.5,0.0,0.0,832.5,Recurring
REV101846,CUST1049,SUB10067,2025-06-10,832.5,41.62,0.0,790.88,Recurring
REV101847,CUST1049,SUB10067,2025-07-10,832.5,83.25,0.0,749.25,Recurring
REV101848,CUST1049,SUB10067,2025-08-10,832.5,0.0,0.0,832.5,Recurring
REV101849,CUST1049,SUB10067,2025-09-10,832.5,83.25,0.0,749.25,Recurring
REV101850,CUST1049,SUB10067,2025-10-10,832.5,0.0,0.0,832.5,Recurring
REV101851,CUST1049,SUB10067,2025-11-10,832.5,83.25,0.0,749.25,Recurring
REV101852,CUST1049,SUB10067,2025-12-10,832.5,0.0,0.0,832.5,Recurring
REV101853,CUST1003,SUB10068,2024-08-14,832.5,0.0,0.0,832.5,New
REV101854,CUST1003,SUB10068,2024-09-14,832.5,0.0,0.0,832.5,Recurring
REV101855,CUST1003,SUB10068,2024-10-14,832.5,83.25,0.0,749.25,Recurring
REV101856,CUST1003,SUB10068,2024-11-14,832.5,0.0,0.0,832.5,Recurring
REV101857,CUST1003,SUB10068,2024-12-14,832.5,0.0,0.0,832.5,Recurring
REV101858,CUST1003,SUB10068,2025-01-14,832.5,83.25,0.0,749.25,Recurring
REV101859,CUST1003,SUB10068,2025-02-14,832.5,83.25,0.0,749.25,Recurring
REV101860,CUST1003,SUB10068,2025-03-14,832.5,0.0,0.0,832.5,Recurring
REV101861,CUST1003,SUB10068,2025-04-14,832.5,0.0,0.0,832.5,Recurring
REV101862,CUST1003,SUB10068,2025-05-14,832.5,83.25,0.0,749.25,Recurring
REV101863,CUST1003,SUB10068,2025-06-14,832.5,41.62,0.0,790.88,Recurring
REV101864,CUST1003,SUB10068,2025-07-14,832.5,0.0,0.0,832.5,Recurring
REV101865,CUST1003,SUB10068,2025-08-14,832.5,83.25,0.0,749.25,Recurring
REV101866,CUST1003,SUB10068,2025-09-14,832.5,41.62,0.0,790.88,Recurring
REV101867,CUST1003,SUB10068,2025-10-14,832.5,41.62,0.0,790.88,Recurring
REV101868,CUST1003,SUB10068,2025-11-14,832.5,83.25,0.0,749.25,Recurring
REV101869,CUST1003,SUB10068,2025-12-14,832.5,0.0,0.0,832.5,Recurring
REV101870,CUST1003,SUB10069,2024-11-22,40.83,0.0,0.0,40.83,New
REV101871,CUST1003,SUB10069,2024-12-22,40.83,0.0,0.0,40.83,Recurring
REV101872,CUST1003,SUB10069,2025-01-22,40.83,4.08,0.0,36.75,Recurring
REV101873,CUST1003,SUB10069,2025-02-22,40.83,0.0,1.22,39.61,Recurring
REV101874,CUST1003,SUB10069,2025-03-22,40.83,0.0,0.0,40.83,Recurring
REV101875,CUST1003,SUB10069,2025-04-22,40.83,0.0,0.0,40.83,Recurring
REV101876,CUST1003,SUB10069,2025-05-22,40.83,2.04,0.0,38.79,Recurring
REV101877,CUST1003,SUB10069,2025-06-22,40.83,0.0,0.0,40.83,Recurring
REV101878,CUST1003,SUB10069,2025-07-22,40.83,0.0,0.0,40.83,Recurring
REV101879,CUST1003,SUB10069,2025-08-22,40.83,4.08,0.0,36.75,Recurring
REV101880,CUST1003,SUB10069,2025-09-22,40.83,4.08,0.0,36.75,Recurring
REV101881,CUST1003,SUB10069,2025-10-22,40.83,0.0,0.0,40.83,Recurring
REV101882,CUST1003,SUB10069,2025-11-22,40.83,2.04,0.0,38.79,Recurring
REV101883,CUST1003,SUB10069,2025-12-22,40.83,2.04,0.0,38.79,Recurring
REV101884,CUST1003,SUB10070,2025-10-07,40.83,4.08,0.0,36.75,New
REV101885,CUST1003,SUB10070,2025-11-07,40.83,0.0,0.0,40.83,Recurring
REV101886,CUST1003,SUB10070,2025-12-07,40.83,2.04,0.0,38.79,Recurring
REV101887,CUST1029,SUB10071,2024-08-03,40.83,0.0,0.0,40.83,New
REV101888,CUST1029,SUB10071,2024-09-03,40.83,2.04,0.0,38.79,Recurring
REV101889,CUST1029,SUB10071,2024-10-03,40.83,0.0,0.0,40.83,Recurring
REV101890,CUST1029,SUB10071,2024-11-03,40.83,2.04,0.0,38.79,Recurring
REV101891,CUST1029,SUB10071,2024-12-03,40.83,0.0,0.0,40.83,Recurring
REV101892,CUST1029,SUB10071,2025-01-03,40.83,4.08,0.0,36.75,Recurring
REV101893,CUST1029,SUB10071,2025-02-03,40.83,0.0,0.0,40.83,Recurring
REV101894,CUST1029,SUB10071,2025-03-03,40.83,4.08,0.0,36.75,Recurring
REV101895,CUST1029,SUB10071,2025-04-03,40.83,0.0,0.0,40.83,Recurring
REV101896,CUST1029,SUB10071,2025-05-03,40.83,0.0,0.0,40.83,Recurring
REV101897,CUST1029,SUB10071,2025-06-03,40.83,0.0,0.0,40.83,Recurring
REV101898,CUST1029,SUB10071,2025-07-03,40.83,4.08,0.0,36.75,Recurring
REV101899,CUST1029,SUB10071,2025-08-03,40.83,0.0,0.0,40.83,Recurring
REV101900,CUST1029,SUB10071,2025-09-03,40.83,0.0,0.0,40.83,Recurring
REV101901,CUST1029,SUB10071,2025-10-03,40.83,0.0,0.0,40.83,Recurring
REV101902,CUST1029,SUB10071,2025-11-03,40.83,2.04,0.0,38.79,Recurring
REV101903,CUST1029,SUB10071,2025-12-03,40.83,4.08,0.0,36.75,Recurring
REV101904,CUST1029,SUB10072,2025-02-22,332.5,33.25,0.0,299.25,New
REV101905,CUST1029,SUB10072,2025-03-22,332.5,0.0,0.0,332.5,Recurring
REV101906,CUST1029,SUB10072,2025-04-22,332.5,16.62,9.97,305.91,Recurring
REV101907,CUST1029,SUB10072,2025-05-22,332.5,33.25,0.0,299.25,Recurring
REV101908,CUST1029,SUB10072,2025-06-22,332.5,0.0,0.0,332.5,Recurring
REV101909,CUST1029,SUB10072,2025-07-22,332.5,33.25,0.0,299.25,Recurring
REV101910,CUST1029,SUB10072,2025-08-22,332.5,0.0,0.0,332.5,Recurring
REV101911,CUST1029,SUB10072,2025-09-22,332.5,0.0,0.0,332.5,Recurring
REV101912,CUST1029,SUB10072,2025-10-22,332.5,0.0,0.0,332.5,Recurring
REV101913,CUST1029,SUB10072,2025-11-22,332.5,0.0,0.0,332.5,Recurring
REV101914,CUST1029,SUB10072,2025-12-22,332.5,16.62,0.0,315.88,Recurring
REV101915,CUST1021,SUB10073,2024-09-26,332.5,16.62,0.0,315.88,New
REV101916,CUST1021,SUB10073,2024-10-26,332.5,0.0,0.0,332.5,Recurring
REV101917,CUST1021,SUB10073,2024-11-26,332.5,0.0,0.0,332.5,Recurring
REV101918,CUST1021,SUB10073,2024-12-26,332.5,33.25,0.0,299.25,Recurring
REV101919,CUST1021,SUB10073,2025-01-26,332.5,33.25,0.0,299.25,Recurring
REV101920,CUST1021,SUB10073,2025-02-26,332.5,0.0,0.0,332.5,Recurring
REV101921,CUST1021,SUB10073,2025-03-26,332.5,0.0,0.0,332.5,Recurring
REV101922,CUST1021,SUB10073,2025-04-26,332.5,0.0,0.0,332.5,Recurring
REV101923,CUST1021,SUB10073,2025-05-26,332.5,16.62,0.0,315.88,Recurring
REV101924,CUST1021,SUB10073,2025-06-26,332.5,0.0,0.0,332.5,Recurring
REV101925,CUST1021,SUB10073,2025-07-26,332.5,33.25,0.0,299.25,Recurring
REV101926,CUST1021,SUB10073,2025-08-26,332.5,0.0,0.0,332.5,Recurring
REV101927,CUST1021,SUB10073,2025-09-26,332.5,0.0,0.0,332.5,Recurring
REV101928,CUST1021,SUB10073,2025-10-26,332.5,33.25,0.0,299.25,Recurring
REV101929,CUST1021,SUB10073,2025-11-26,332.5,33.25,0.0,299.25,Recurring
REV101930,CUST1021,SUB10073,2025-12-26,332.5,33.25,0.0,299.25,Recurring
REV101931,CUST1021,SUB10074,2025-11-12,999.0,49.95,0.0,949.05,New
REV101932,CUST1021,SUB10074,2025-12-12,999.0,99.9,0.0,899.1,Recurring
REV101933,CUST1021,SUB10075,2025-07-01,49.0,0.0,0.0,49.0,New
REV101934,CUST1021,SUB10075,2025-08-01,49.0,2.45,0.0,46.55,Recurring
REV101935,CUST1021,SUB10075,2025-09-01,49.0,4.9,0.0,44.1,Recurring
REV101936,CUST1021,SUB10075,2025-10-01,49.0,2.45,0.0,46.55,Recurring
REV101937,CUST1021,SUB10075,2025-11-01,49.0,0.0,0.0,49.0,Recurring
REV101938,CUST1021,SUB10075,2025-12-01,49.0,0.0,0.0,49.0,Recurring
REV101939,CUST1051,SUB10076,2024-09-23,832.5,0.0,0.0,832.5,New
REV101940,CUST1051,SUB10076,2024-10-23,832.5,41.62,0.0,790.88,Recurring
REV101941,CUST1051,SUB10076,2024-11-23,832.5,83.25,0.0,749.25,Recurring
REV101942,CUST1051,SUB10076,2024-12-23,832.5,0.0,0.0,832.5,Recurring
REV101943,CUST1051,SUB10076,2025-01-23,832.5,0.0,0.0,832.5,Recurring
REV101944,CUST1051,SUB10076,2025-02-23,832.5,0.0,0.0,832.5,Recurring
REV101945,CUST1051,SUB10076,2025-03-23,832.5,0.0,0.0,832.5,Recurring
REV101946,CUST1051,SUB10076,2025-04-23,832.5,0.0,0.0,832.5,Recurring
REV101947,CUST1051,SUB10076,2025-05-23,832.5,83.25,0.0,749.25,Recurring
REV101948,CUST1051,SUB10076,2025-06-23,832.5,0.0,0.0,832.5,Recurring
REV101949,CUST1051,SUB10076,2025-07-23,832.5,0.0,0.0,832.5,Recurring
REV101950,CUST1051,SUB10076,2025-08-23,832.5,0.0,0.0,832.5,Recurring
REV101951,CUST1051,SUB10076,2025-09-23,832.5,0.0,0.0,832.5,Recurring
REV101952,CUST1051,SUB10076,2025-10-23,832.5,0.0,0.0,832.5,Recurring
REV101953,CUST1051,SUB10076,2025-11-23,832.5,0.0,0.0,832.5,Recurring
REV101954,CUST1051,SUB10076,2025-12-23,832.5,0.0,0.0,832.5,Recurring
REV101955,CUST1006,SUB10077,2024-09-29,332.5,0.0,0.0,332.5,New
REV101956,CUST1006,SUB10077,2024-10-29,332.5,16.62,0.0,315.88,Recurring
REV101957,CUST1006,SUB10077,2024-11-29,332.5,33.25,0.0,299.25,Recurring
REV101958,CUST1006,SUB10077,2024-12-29,332.5,16.62,0.0,315.88,Recurring
REV101959,CUST1006,SUB10077,2025-01-29,332.5,0.0,0.0,332.5,Recurring
REV101960,CUST1006,SUB10077,2025-02-28,332.5,33.25,0.0,299.25,Recurring
REV101961,CUST1006,SUB10077,2025-03-28,332.5,16.62,0.0,315.88,Recurring
REV101962,CUST1006,SUB10077,2025-04-28,332.5,33.25,0.0,299.25,Recurring
REV101963,CUST1006,SUB10077,2025-05-28,332.5,0.0,0.0,332.5,Recurring
REV101964,CUST1006,SUB10077,2025-06-28,332.5,0.0,0.0,332.5,Recurring
REV101965,CUST1006,SUB10077,2025-07-28,332.5,16.62,0.0,315.88,Recurring
REV101966,CUST1006,SUB10077,2025-08-28,332.5,33.25,0.0,299.25,Recurring
REV101967,CUST1006,SUB10077,2025-09-28,332.5,0.0,0.0,332.5,Recurring
REV101968,CUST1006,SUB10077,2025-10-28,332.5,0.0,0.0,332.5,Recurring
REV101969,CUST1006,SUB10077,2025-11-28,332.5,0.0,0.0,332.5,Recurring
REV101970,CUST1006,SUB10077,2025-12-28,332.5,16.62,0.0,315.88,Recurring
REV101971,CUST1058,SUB10078,2024-10-17,399.0,0.0,11.97,387.03,New
REV101972,CUST1058,SUB10078,2024-11-17,399.0,0.0,0.0,399.0,Recurring
REV101973,CUST1058,SUB10078,2024-12-17,399.0,0.0,0.0,399.0,Recurring
REV101974,CUST1058,SUB10078,2025-01-17,399.0,39.9,0.0,359.1,Recurring
REV101975,CUST1058,SUB10078,2025-02-17,399.0,0.0,0.0,399.0,Recurring
REV101976,CUST1058,SUB10078,2025-03-17,399.0,0.0,0.0,399.0,Recurring
REV101977,CUST1058,SUB10078,2025-04-17,399.0,39.9,0.0,359.1,Recurring
REV101978,CUST1058,SUB10078,2025-05-17,399.0,0.0,0.0,399.0,Recurring
REV101979,CUST1058,SUB10078,2025-06-17,399.0,0.0,0.0,399.0,Recurring
REV101980,CUST1058,SUB10078,2025-07-17,399.0,0.0,0.0,399.0,Recurring
REV101981,CUST1058,SUB10078,2025-08-17,399.0,19.95,0.0,379.05,Recurring
REV101982,CUST1058,SUB10078,2025-09-17,399.0,0.0,0.0,399.0,Recurring
REV101983,CUST1058,SUB10078,2025-10-17,399.0,39.9,0.0,359.1,Recurring
REV101984,CUST1058,SUB10078,2025-11-17,399.0,0.0,0.0,399.0,Recurring
REV101985,CUST1058,SUB10078,2025-12-17,399.0,0.0,0.0,399.0,Recurring
REV101986,CUST1058,SUB10079,2025-10-23,40.83,2.04,0.0,38.79,New
REV101987,CUST1058,SUB10079,2025-11-23,40.83,0.0,0.0,40.83,Recurring
REV101988,CUST1058,SUB10079,2025-12-23,40.83,0.0,0.0,40.83,Recurring
REV101989,CUST1054,SUB10080,2024-10-16,332.5,16.62,0.0,315.88,New
REV101990,CUST1054,SUB10080,2024-11-16,332.5,33.25,0.0,299.25,Recurring
REV101991,CUST1054,SUB10080,2024-12-16,332.5,0.0,0.0,332.5,Recurring
REV101992,CUST1054,SUB10080,2025-01-16,332.5,0.0,0.0,332.5,Recurring
REV101993,CUST1054,SUB10080,2025-02-16,332.5,33.25,0.0,299.25,Recurring
REV101994,CUST1054,SUB10080,2025-03-16,332.5,0.0,0.0,332.5,Recurring
REV101995,CUST1054,SUB10080,2025-04-16,332.5,0.0,0.0,332.5,Recurring
REV101996,CUST1054,SUB10080,2025-05-16,332.5,0.0,0.0,332.5,Recurring
REV101997,CUST1054,SUB10080,2025-06-16,332.5,0.0,0.0,332.5,Recurring
REV101998,CUST1054,SUB10080,2025-07-16,332.5,0.0,0.0,332.5,Recurring
REV101999,CUST1054,SUB10080,2025-08-16,332.5,0.0,0.0,332.5,Recurring
REV102000,CUST1054,SUB10080,2025-09-16,332.5,0.0,0.0,332.5,Recurring
REV102001,CUST1054,SUB10080,2025-10-16,332.5,16.62,0.0,315.88,Recurring
REV102002,CUST1054,SUB10080,2025-11-16,332.5,33.25,0.0,299.25,Recurring
REV102003,CUST1054,SUB10080,2025-12-16,332.5,33.25,0.0,299.25,Recurring
REV102004,CUST1013,SUB10081,2024-10-20,40.83,4.08,0.0,36.75,New
REV102005,CUST1013,SUB10081,2024-11-20,40.83,0.0,0.0,40.83,Recurring
REV102006,CUST1013,SUB10081,2024-12-20,40.83,4.08,0.0,36.75,Recurring
REV102007,CUST1013,SUB10081,2025-01-20,40.83,2.04,0.0,38.79,Recurring
REV102008,CUST1013,SUB10081,2025-02-20,40.83,2.04,0.0,38.79,Recurring
REV102009,CUST1013,SUB10081,2025-03-20,40.83,2.04,0.0,38.79,Recurring
REV102010,CUST1013,SUB10081,2025-04-20,40.83,0.0,0.0,40.83,Recurring
REV102011,CUST1013,SUB10081,2025-05-20,40.83,0.0,0.0,40.83,Recurring
REV102012,CUST1013,SUB10081,2025-06-20,40.83,4.08,0.0,36.75,Recurring
REV102013,CUST1013,SUB10081,2025-07-20,40.83,0.0,0.0,40.83,Recurring
REV102014,CUST1013,SUB10081,2025-08-20,40.83,0.0,0.0,40.83,Recurring
REV102015,CUST1013,SUB10081,2025-09-20,40.83,0.0,0.0,40.83,Recurring
REV102016,CUST1013,SUB10081,2025-10-20,40.83,0.0,0.0,40.83,Recurring
REV102017,CUST1013,SUB10081,2025-11-20,40.83,2.04,0.0,38.79,Recurring
REV102018,CUST1013,SUB10081,2025-12-20,40.83,2.04,0.0,38.79,Recurring
REV102019,CUST1013,SUB10082,2025-08-08,399.0,0.0,0.0,399.0,New
REV102020,CUST1013,SUB10082,2025-09-08,399.0,39.9,0.0,359.1,Recurring
REV102021,CUST1013,SUB10082,2025-10-08,399.0,19.95,0.0,379.05,Recurring
REV102022,CUST1013,SUB10082,2025-11-08,399.0,0.0,0.0,399.0,Recurring
REV102023,CUST1013,SUB10082,2025-12-08,399.0,0.0,0.0,399.0,Recurring
REV102024,CUST1020,SUB10083,2024-10-31,124.17,0.0,0.0,124.17,New
REV102025,CUST1020,SUB10083,2024-11-30,124.17,6.21,0.0,117.96,Recurring
REV102026,CUST1020,SUB10083,2024-12-30,124.17,0.0,0.0,124.17,Recurring
REV102027,CUST1020,SUB10083,2025-01-30,124.17,6.21,0.0,117.96,Recurring
REV102028,CUST1020,SUB10083,2025-02-28,124.17,0.0,0.0,124.17,Recurring
REV102029,CUST1020,SUB10083,2025-03-28,124.17,12.42,0.0,111.75,Recurring
REV102030,CUST1020,SUB10083,2025-04-28,124.17,0.0,0.0,124.17,Recurring
REV102031,CUST1020,SUB10083,2025-05-28,124.17,12.42,0.0,111.75,Recurring
REV102032,CUST1020,SUB10083,2025-06-28,124.17,6.21,0.0,117.96,Recurring
REV102033,CUST1020,SUB10083,2025-07-28,124.17,0.0,0.0,124.17,Recurring
REV102034,CUST1020,SUB10083,2025-08-28,124.17,6.21,0.0,117.96,Recurring
REV102035,CUST1020,SUB10083,2025-09-28,124.17,0.0,0.0,124.17,Recurring
REV102036,CUST1020,SUB10083,2025-10-28,124.17,0.0,3.73,120.44,Recurring
REV102037,CUST1020,SUB10083,2025-11-28,124.17,0.0,0.0,124.17,Recurring
REV102038,CUST1020,SUB10083,2025-12-28,124.17,0.0,0.0,124.17,Recurring
REV102039,CUST1047,SUB10084,2025-01-11,399.0,19.95,0.0,379.05,New
REV102040,CUST1047,SUB10084,2025-02-11,399.0,39.9,0.0,359.1,Recurring
REV102041,CUST1047,SUB10084,2025-03-11,399.0,39.9,0.0,359.1,Recurring
REV102042,CUST1047,SUB10084,2025-04-11,399.0,39.9,0.0,359.1,Recurring
REV102043,CUST1047,SUB10084,2025-05-11,399.0,39.9,0.0,359.1,Recurring
REV102044,CUST1047,SUB10084,2025-06-11,399.0,39.9,0.0,359.1,Recurring
REV102045,CUST1047,SUB10084,2025-07-11,399.0,39.9,0.0,359.1,Recurring
REV102046,CUST1047,SUB10084,2025-08-11,399.0,0.0,0.0,399.0,Recurring
REV102047,CUST1047,SUB10084,2025-09-11,399.0,0.0,0.0,399.0,Recurring
REV102048,CUST1047,SUB10084,2025-10-11,399.0,19.95,0.0,379.05,Recurring
REV102049,CUST1047,SUB10084,2025-11-11,399.0,19.95,0.0,379.05,Recurring
REV102050,CUST1047,SUB10084,2025-12-11,399.0,0.0,11.97,387.03,Recurring
REV102051,CUST1047,SUB10085,2025-09-21,124.17,12.42,0.0,111.75,New
REV102052,CUST1047,SUB10085,2025-10-21,124.17,0.0,0.0,124.17,Recurring
REV102053,CUST1047,SUB10085,2025-11-21,124.17,6.21,0.0,117.96,Recurring
REV102054,CUST1047,SUB10085,2025-12-21,124.17,6.21,0.0,117.96,Recurring
REV102055,CUST1014,SUB10086,2025-01-11,49.0,2.45,0.0,46.55,New
REV102056,CUST1014,SUB10086,2025-02-11,49.0,2.45,0.0,46.55,Recurring
REV102057,CUST1014,SUB10086,2025-03-11,49.0,4.9,0.0,44.1,Recurring
REV102058,CUST1014,SUB10086,2025-04-11,49.0,0.0,0.0,49.0,Recurring
REV102059,CUST1014,SUB10086,2025-05-11,49.0,0.0,0.0,49.0,Recurring
REV102060,CUST1014,SUB10086,2025-06-11,49.0,4.9,0.0,44.1,Recurring
REV102061,CUST1014,SUB10086,2025-07-11,49.0,0.0,0.0,49.0,Recurring
REV102062,CUST1014,SUB10086,2025-08-11,49.0,2.45,0.0,46.55,Recurring
REV102063,CUST1014,SUB10086,2025-09-11,49.0,0.0,0.0,49.0,Recurring
REV102064,CUST1014,SUB10086,2025-10-11,49.0,2.45,0.0,46.55,Recurring
REV102065,CUST1014,SUB10086,2025-11-11,49.0,4.9,0.0,44.1,Recurring
REV102066,CUST1014,SUB10086,2025-12-11,49.0,4.9,0.0,44.1,Recurring
REV102067,CUST1025,SUB10087,2025-04-04,49.0,0.0,0.0,49.0,New
REV102068,CUST1025,SUB10087,2025-05-04,49.0,4.9,0.0,44.1,Recurring
REV102069,CUST1025,SUB10087,2025-06-04,49.0,2.45,0.0,46.55,Recurring
REV102070,CUST1025,SUB10087,2025-07-04,49.0,0.0,0.0,49.0,Recurring
REV102071,CUST1025,SUB10087,2025-08-04,49.0,0.0,0.0,49.0,Recurring
REV102072,CUST1025,SUB10087,2025-09-04,49.0,2.45,0.0,46.55,Recurring
REV102073,CUST1025,SUB10087,2025-10-04,49.0,0.0,0.0,49.0,Recurring
REV102074,CUST1025,SUB10087,2025-11-04,49.0,2.45,0.0,46.55,Recurring
REV102075,CUST1025,SUB10087,2025-12-04,49.0,0.0,0.0,49.0,Recurring
REV102076,CUST1050,SUB10088,2025-07-16,49.0,4.9,1.47,42.63,New
REV102077,CUST1050,SUB10088,2025-08-16,49.0,0.0,0.0,49.0,Recurring
REV102078,CUST1050,SUB10088,2025-09-16,49.0,0.0,0.0,49.0,Recurring
REV102079,CUST1050,SUB10088,2025-10-16,49.0,0.0,0.0,49.0,Recurring
REV102080,CUST1050,SUB10088,2025-11-16,49.0,0.0,1.47,47.53,Recurring
REV102081,CUST1050,SUB10088,2025-12-16,49.0,0.0,0.0,49.0,Recurring
REV102082,CUST1055,SUB10089,2025-09-12,399.0,0.0,0.0,399.0,New
REV102083,CUST1055,SUB10089,2025-10-12,399.0,19.95,0.0,379.05,Recurring
REV102084,CUST1055,SUB10089,2025-11-12,399.0,19.95,0.0,379.05,Recurring
REV102085,CUST1055,SUB10089,2025-12-12,399.0,0.0,0.0,399.0,Recurring
REV102086,CUST1055,SUB10090,2025-08-15,40.83,0.0,0.0,40.83,New
REV102087,CUST1055,SUB10090,2025-09-15,40.83,2.04,0.0,38.79,Recurring
REV102088,CUST1055,SUB10090,2025-10-15,40.83,2.04,0.0,38.79,Recurring
REV102089,CUST1055,SUB10090,2025-11-15,40.83,0.0,0.0,40.83,Recurring
REV102090,CUST1055,SUB10090,2025-12-15,40.83,0.0,0.0,40.83,Recurring
REV102091,CUST1045,SUB10091,2025-09-20,832.5,0.0,0.0,832.5,New
REV102092,CUST1045,SUB10091,2025-10-20,832.5,41.62,0.0,790.88,Recurring
REV102093,CUST1045,SUB10091,2025-11-20,832.5,0.0,0.0,832.5,Recurring
REV102094,CUST1045,SUB10091,2025-12-20,832.5,0.0,0.0,832.5,Recurring
